mode,sample,launches_per_event_interval,first,fe2o3_us,hipblaslt_us
synchronized_latency,0,1,fe2o3,6.48,11.32
synchronized_latency,1,1,hipblaslt,12.72,8.04
synchronized_latency,2,1,fe2o3,6.4,10.001
synchronized_latency,3,1,hipblaslt,7.68,7.76
synchronized_latency,4,1,fe2o3,6.56,7.76
synchronized_latency,5,1,hipblaslt,8.48,16.72
synchronized_latency,6,1,fe2o3,6.52,12.8
synchronized_latency,7,1,hipblaslt,6.56,14.44
synchronized_latency,8,1,fe2o3,6.76,17.04
synchronized_latency,9,1,hipblaslt,6.44,7.76
synchronized_latency,10,1,fe2o3,10.241,8.56
synchronized_latency,11,1,hipblaslt,8.6,9.32
synchronized_latency,12,1,fe2o3,6.4,7.84
synchronized_latency,13,1,hipblaslt,6.52,7.72
synchronized_latency,14,1,fe2o3,6.52,7.92
synchronized_latency,15,1,hipblaslt,6.48,7.84
synchronized_latency,16,1,fe2o3,6.52,7.88
synchronized_latency,17,1,hipblaslt,6.4,7.84
synchronized_latency,18,1,fe2o3,6.44,7.84
synchronized_latency,19,1,hipblaslt,6.52,7.72
synchronized_latency,20,1,fe2o3,6.56,7.84
synchronized_latency,21,1,hipblaslt,6.52,7.76
synchronized_latency,22,1,fe2o3,6.44,7.84
synchronized_latency,23,1,hipblaslt,8.56,10.56
synchronized_latency,24,1,fe2o3,6.4,7.88
synchronized_latency,25,1,hipblaslt,6.44,8.08
synchronized_latency,26,1,fe2o3,6.44,7.88
synchronized_latency,27,1,hipblaslt,6.48,7.88
synchronized_latency,28,1,fe2o3,6.52,7.92
synchronized_latency,29,1,hipblaslt,10.96,7.84
synchronized_latency,30,1,fe2o3,6.48,7.84
synchronized_latency,31,1,hipblaslt,6.44,7.96
synchronized_latency,32,1,fe2o3,6.56,8.16
synchronized_latency,33,1,hipblaslt,7.2,10.08
synchronized_latency,34,1,fe2o3,6.48,8.16
synchronized_latency,35,1,hipblaslt,6.52,7.96
synchronized_latency,36,1,fe2o3,6.56,8.08
synchronized_latency,37,1,hipblaslt,6.56,7.84
synchronized_latency,38,1,fe2o3,6.52,8.16
synchronized_latency,39,1,hipblaslt,6.44,8.72
synchronized_latency,40,1,fe2o3,6.44,8.28
synchronized_latency,41,1,hipblaslt,6.48,8
synchronized_latency,42,1,fe2o3,6.44,7.96
synchronized_latency,43,1,hipblaslt,6.52,7.921
synchronized_latency,44,1,fe2o3,6.48,8.04
synchronized_latency,45,1,hipblaslt,6.68,7.8
synchronized_latency,46,1,fe2o3,6.6,7.96
synchronized_latency,47,1,hipblaslt,6.52,7.92
synchronized_latency,48,1,fe2o3,6.4,7.84
synchronized_latency,49,1,hipblaslt,6.44,7.72
synchronized_latency,50,1,fe2o3,6.44,7.84
synchronized_latency,51,1,hipblaslt,6.52,7.8
synchronized_latency,52,1,fe2o3,6.56,7.76
synchronized_latency,53,1,hipblaslt,6.52,7.84
synchronized_latency,54,1,fe2o3,6.52,7.801
synchronized_latency,55,1,hipblaslt,6.4,7.84
synchronized_latency,56,1,fe2o3,6.4,7.84
synchronized_latency,57,1,hipblaslt,11.72,7.72
synchronized_latency,58,1,fe2o3,6.44,7.8
synchronized_latency,59,1,hipblaslt,6.52,7.56
synchronized_latency,60,1,fe2o3,6.52,8.4
synchronized_latency,61,1,hipblaslt,7.32,8.16
synchronized_latency,62,1,fe2o3,6.6,7.8
synchronized_latency,63,1,hipblaslt,6.52,7.68
synchronized_latency,64,1,fe2o3,6.56,8.08
synchronized_latency,65,1,hipblaslt,6.561,7.72
synchronized_latency,66,1,fe2o3,6.44,7.96
synchronized_latency,67,1,hipblaslt,6.56,7.84
synchronized_latency,68,1,fe2o3,6.56,7.92
synchronized_latency,69,1,hipblaslt,6.52,7.72
synchronized_latency,70,1,fe2o3,6.6,7.84
synchronized_latency,71,1,hipblaslt,6.48,7.92
synchronized_latency,72,1,fe2o3,6.6,7.92
synchronized_latency,73,1,hipblaslt,6.44,7.76
synchronized_latency,74,1,fe2o3,6.48,7.84
synchronized_latency,75,1,hipblaslt,6.64,7.8
synchronized_latency,76,1,fe2o3,6.52,7.84
synchronized_latency,77,1,hipblaslt,6.52,7.921
synchronized_latency,78,1,fe2o3,6.52,7.92
synchronized_latency,79,1,hipblaslt,6.4,7.92
synchronized_latency,80,1,fe2o3,6.44,8.24
synchronized_latency,81,1,hipblaslt,6.4,7.84
synchronized_latency,82,1,fe2o3,7.44,8.08
synchronized_latency,83,1,hipblaslt,6.6,8.2
synchronized_latency,84,1,fe2o3,6.88,8
synchronized_latency,85,1,hipblaslt,8.84,8
synchronized_latency,86,1,fe2o3,6.52,10.36
synchronized_latency,87,1,hipblaslt,6.4,7.96
synchronized_latency,88,1,fe2o3,6.401,7.84
synchronized_latency,89,1,hipblaslt,7.2,8.52
synchronized_latency,90,1,fe2o3,6.4,7.96
synchronized_latency,91,1,hipblaslt,6.52,7.84
synchronized_latency,92,1,fe2o3,6.52,8.2
synchronized_latency,93,1,hipblaslt,6.52,7.8
synchronized_latency,94,1,fe2o3,6.52,7.76
synchronized_latency,95,1,hipblaslt,6.4,7.88
synchronized_latency,96,1,fe2o3,6.48,7.96
synchronized_latency,97,1,hipblaslt,6.4,7.84
synchronized_latency,98,1,fe2o3,6.44,7.72
synchronized_latency,99,1,hipblaslt,6.521,7.88
synchronized_latency,100,1,fe2o3,6.52,7.84
synchronized_latency,101,1,hipblaslt,6.52,7.68
synchronized_latency,102,1,fe2o3,6.56,7.88
synchronized_latency,103,1,hipblaslt,6.4,7.88
synchronized_latency,104,1,fe2o3,6.4,7.92
synchronized_latency,105,1,hipblaslt,6.44,7.92
synchronized_latency,106,1,fe2o3,6.4,7.76
synchronized_latency,107,1,hipblaslt,6.48,7.88
synchronized_latency,108,1,fe2o3,6.52,7.84
synchronized_latency,109,1,hipblaslt,6.6,7.88
synchronized_latency,110,1,fe2o3,6.48,7.76
synchronized_latency,111,1,hipblaslt,6.48,7.961
synchronized_latency,112,1,fe2o3,6.56,7.76
synchronized_latency,113,1,hipblaslt,10.96,7.92
synchronized_latency,114,1,fe2o3,6.44,7.92
synchronized_latency,115,1,hipblaslt,6.56,8.36
synchronized_latency,116,1,fe2o3,6.48,8.92
synchronized_latency,117,1,hipblaslt,8.32,8.52
synchronized_latency,118,1,fe2o3,6.56,7.84
synchronized_latency,119,1,hipblaslt,6.4,8
synchronized_latency,120,1,fe2o3,6.44,7.92
synchronized_latency,121,1,hipblaslt,6.4,7.72
synchronized_latency,122,1,fe2o3,6.52,7.76
synchronized_latency,123,1,hipblaslt,6.44,7.92
synchronized_latency,124,1,fe2o3,6.52,8
synchronized_latency,125,1,hipblaslt,6.72,7.76
synchronized_latency,126,1,fe2o3,6.64,7.88
synchronized_latency,127,1,hipblaslt,6.4,7.8
synchronized_latency,128,1,fe2o3,6.48,7.96
synchronized_latency,129,1,hipblaslt,6.44,7.84
synchronized_latency,130,1,fe2o3,6.4,7.8
synchronized_latency,131,1,hipblaslt,6.52,7.88
synchronized_latency,132,1,fe2o3,6.56,7.88
synchronized_latency,133,1,hipblaslt,6.44,7.8
synchronized_latency,134,1,fe2o3,6.52,7.92
synchronized_latency,135,1,hipblaslt,6.4,7.88
synchronized_latency,136,1,fe2o3,6.44,8.04
synchronized_latency,137,1,hipblaslt,6.44,7.88
synchronized_latency,138,1,fe2o3,6.96,7.84
synchronized_latency,139,1,hipblaslt,6.52,7.76
synchronized_latency,140,1,fe2o3,6.6,7.88
synchronized_latency,141,1,hipblaslt,10.32,7.96
synchronized_latency,142,1,fe2o3,6.48,7.84
synchronized_latency,143,1,hipblaslt,6.56,8.52
synchronized_latency,144,1,fe2o3,6.44,8.04
synchronized_latency,145,1,hipblaslt,6.44,8.721
synchronized_latency,146,1,fe2o3,6.52,7.88
synchronized_latency,147,1,hipblaslt,6.6,7.84
synchronized_latency,148,1,fe2o3,6.92,7.96
synchronized_latency,149,1,hipblaslt,6.56,7.88
synchronized_latency,150,1,fe2o3,6.48,8.28
synchronized_latency,151,1,hipblaslt,6.52,7.96
synchronized_latency,152,1,fe2o3,6.48,8.12
synchronized_latency,153,1,hipblaslt,6.4,7.88
synchronized_latency,154,1,fe2o3,6.52,7.92
synchronized_latency,155,1,hipblaslt,6.52,7.8
synchronized_latency,156,1,fe2o3,6.56,7.96
synchronized_latency,157,1,hipblaslt,6.52,7.96
synchronized_latency,158,1,fe2o3,6.52,8.04
synchronized_latency,159,1,hipblaslt,6.4,8.08
synchronized_latency,160,1,fe2o3,6.4,7.92
synchronized_latency,161,1,hipblaslt,6.52,7.84
synchronized_latency,162,1,fe2o3,6.52,7.92
synchronized_latency,163,1,hipblaslt,6.48,7.8
synchronized_latency,164,1,fe2o3,6.48,7.84
synchronized_latency,165,1,hipblaslt,6.52,7.68
synchronized_latency,166,1,fe2o3,6.48,13.2
synchronized_latency,167,1,hipblaslt,7.48,7.88
synchronized_latency,168,1,fe2o3,6.44,12.68
synchronized_latency,169,1,hipblaslt,7.4,18.32
synchronized_latency,170,1,fe2o3,15,16
synchronized_latency,171,1,hipblaslt,7.32,15.4
synchronized_latency,172,1,fe2o3,7.44,18.64
synchronized_latency,173,1,hipblaslt,10.56,13.96
synchronized_latency,174,1,fe2o3,7.68,11.32
synchronized_latency,175,1,hipblaslt,6.44,8.96
synchronized_latency,176,1,fe2o3,7.44,11.28
synchronized_latency,177,1,hipblaslt,10.2,11.8
synchronized_latency,178,1,fe2o3,6.88,14.8
synchronized_latency,179,1,hipblaslt,6.56,11.28
synchronized_latency,180,1,fe2o3,11.52,11.48
synchronized_latency,181,1,hipblaslt,6.48,11.28
synchronized_latency,182,1,fe2o3,6.44,20.2
synchronized_latency,183,1,hipblaslt,6.56,11.4
synchronized_latency,184,1,fe2o3,6.44,7.76
synchronized_latency,185,1,hipblaslt,8.52,15.16
synchronized_latency,186,1,fe2o3,6.56,14.68
synchronized_latency,187,1,hipblaslt,10.88,12.92
synchronized_latency,188,1,fe2o3,6.44,11.56
synchronized_latency,189,1,hipblaslt,6.36,7.88
synchronized_latency,190,1,fe2o3,11.2,12.36
synchronized_latency,191,1,hipblaslt,7.64,7.72
synchronized_latency,192,1,fe2o3,7.36,7.8
synchronized_latency,193,1,hipblaslt,6.84,13.96
synchronized_latency,194,1,fe2o3,7.48,19.8
synchronized_latency,195,1,hipblaslt,7.84,19.56
synchronized_latency,196,1,fe2o3,12.12,11.32
synchronized_latency,197,1,hipblaslt,6.36,11.24
synchronized_latency,198,1,fe2o3,6.761,16.52
synchronized_latency,199,1,hipblaslt,6.6,18.72
synchronized_latency,200,1,fe2o3,11.4,8
synchronized_latency,201,1,hipblaslt,7.72,11.24
synchronized_latency,202,1,fe2o3,6.48,11.2
synchronized_latency,203,1,hipblaslt,6.56,28.96
synchronized_latency,204,1,fe2o3,6.52,7.72
synchronized_latency,205,1,hipblaslt,6.48,7.76
synchronized_latency,206,1,fe2o3,6.48,7.881
synchronized_latency,207,1,hipblaslt,11.04,7.72
synchronized_latency,208,1,fe2o3,6.48,7.8
synchronized_latency,209,1,hipblaslt,6.44,7.68
synchronized_latency,210,1,fe2o3,6.4,8.12
synchronized_latency,211,1,hipblaslt,7.2,8.28
synchronized_latency,212,1,fe2o3,6.48,7.88
synchronized_latency,213,1,hipblaslt,6.4,7.88
synchronized_latency,214,1,fe2o3,6.36,7.72
synchronized_latency,215,1,hipblaslt,6.48,7.92
synchronized_latency,216,1,fe2o3,6.4,7.96
synchronized_latency,217,1,hipblaslt,6.561,8.36
synchronized_latency,218,1,fe2o3,6.6,7.92
synchronized_latency,219,1,hipblaslt,6.56,7.8
synchronized_latency,220,1,fe2o3,6.44,8
synchronized_latency,221,1,hipblaslt,6.4,7.8
synchronized_latency,222,1,fe2o3,6.36,7.88
synchronized_latency,223,1,hipblaslt,6.4,8
synchronized_latency,224,1,fe2o3,6.48,7.84
synchronized_latency,225,1,hipblaslt,6.48,7.84
synchronized_latency,226,1,fe2o3,6.52,8.04
synchronized_latency,227,1,hipblaslt,6.52,8.04
synchronized_latency,228,1,fe2o3,6.36,7.96
synchronized_latency,229,1,hipblaslt,6.6,7.88
synchronized_latency,230,1,fe2o3,6.52,7.84
synchronized_latency,231,1,hipblaslt,6.56,7.88
synchronized_latency,232,1,fe2o3,6.48,7.92
synchronized_latency,233,1,hipblaslt,6.48,7.84
synchronized_latency,234,1,fe2o3,6.48,7.92
synchronized_latency,235,1,hipblaslt,6.48,11.24
synchronized_latency,236,1,fe2o3,6.52,10.6
synchronized_latency,237,1,hipblaslt,6.52,7.96
synchronized_latency,238,1,fe2o3,6.48,7.88
synchronized_latency,239,1,hipblaslt,6.44,7.6
synchronized_latency,240,1,fe2o3,6.36,7.76
synchronized_latency,241,1,hipblaslt,6.68,7.84
synchronized_latency,242,1,fe2o3,6.52,7.84
synchronized_latency,243,1,hipblaslt,6.48,7.96
synchronized_latency,244,1,fe2o3,6.48,7.88
synchronized_latency,245,1,hipblaslt,6.48,7.72
synchronized_latency,246,1,fe2o3,6.56,7.92
synchronized_latency,247,1,hipblaslt,6.56,7.88
synchronized_latency,248,1,fe2o3,6.48,7.72
synchronized_latency,249,1,hipblaslt,6.48,7.68
synchronized_latency,250,1,fe2o3,6.56,7.88
synchronized_latency,251,1,hipblaslt,6.4,7.76
synchronized_latency,252,1,fe2o3,6.36,7.76
synchronized_latency,253,1,hipblaslt,6.36,7.72
synchronized_latency,254,1,fe2o3,6.48,7.88
synchronized_latency,255,1,hipblaslt,6.48,7.84
synchronized_latency,256,1,fe2o3,6.48,7.76
synchronized_latency,257,1,hipblaslt,6.48,7.8
synchronized_latency,258,1,fe2o3,6.4,7.96
synchronized_latency,259,1,hipblaslt,6.44,7.92
synchronized_latency,260,1,fe2o3,6.4,7.92
synchronized_latency,261,1,hipblaslt,6.52,7.96
synchronized_latency,262,1,fe2o3,6.48,8.041
synchronized_latency,263,1,hipblaslt,6.48,10.84
synchronized_latency,264,1,fe2o3,9.64,8.04
synchronized_latency,265,1,hipblaslt,6.44,7.8
synchronized_latency,266,1,fe2o3,6.84,8.48
synchronized_latency,267,1,hipblaslt,6.52,7.8
synchronized_latency,268,1,fe2o3,6.52,8.04
synchronized_latency,269,1,hipblaslt,6.52,7.84
synchronized_latency,270,1,fe2o3,6.48,7.84
synchronized_latency,271,1,hipblaslt,6.36,7.84
synchronized_latency,272,1,fe2o3,6.56,7.84
synchronized_latency,273,1,hipblaslt,6.48,7.76
synchronized_latency,274,1,fe2o3,6.48,7.72
synchronized_latency,275,1,hipblaslt,6.48,7.92
synchronized_latency,276,1,fe2o3,6.52,7.92
synchronized_latency,277,1,hipblaslt,6.36,7.76
synchronized_latency,278,1,fe2o3,6.44,7.84
synchronized_latency,279,1,hipblaslt,6.48,7.64
synchronized_latency,280,1,fe2o3,6.64,7.92
synchronized_latency,281,1,hipblaslt,6.6,7.96
synchronized_latency,282,1,fe2o3,6.48,7.96
synchronized_latency,283,1,hipblaslt,6.6,7.92
synchronized_latency,284,1,fe2o3,6.48,7.921
synchronized_latency,285,1,hipblaslt,6.4,8.12
synchronized_latency,286,1,fe2o3,6.48,7.92
synchronized_latency,287,1,hipblaslt,6.52,7.92
synchronized_latency,288,1,fe2o3,6.48,8.04
synchronized_latency,289,1,hipblaslt,6.48,8.12
synchronized_latency,290,1,fe2o3,10.96,7.64
synchronized_latency,291,1,hipblaslt,8.76,7.76
synchronized_latency,292,1,fe2o3,6.36,7.84
synchronized_latency,293,1,hipblaslt,10.48,8.08
synchronized_latency,294,1,fe2o3,7.32,7.76
synchronized_latency,295,1,hipblaslt,6.52,7.92
synchronized_latency,296,1,fe2o3,6.52,7.88
synchronized_latency,297,1,hipblaslt,6.44,7.8
synchronized_latency,298,1,fe2o3,6.48,7.8
synchronized_latency,299,1,hipblaslt,6.4,8.6
synchronized_latency,300,1,fe2o3,6.4,7.8
synchronized_latency,301,1,hipblaslt,6.44,7.76
synchronized_latency,302,1,fe2o3,6.44,7.84
synchronized_latency,303,1,hipblaslt,6.4,7.84
synchronized_latency,304,1,fe2o3,6.36,7.84
synchronized_latency,305,1,hipblaslt,6.4,7.72
synchronized_latency,306,1,fe2o3,6.56,7.88
synchronized_latency,307,1,hipblaslt,6.52,7.68
synchronized_latency,308,1,fe2o3,6.56,7.92
synchronized_latency,309,1,hipblaslt,6.36,7.76
synchronized_latency,310,1,fe2o3,6.4,7.8
synchronized_latency,311,1,hipblaslt,6.48,7.84
synchronized_latency,312,1,fe2o3,6.44,7.92
synchronized_latency,313,1,hipblaslt,6.52,8
synchronized_latency,314,1,fe2o3,6.4,8.48
synchronized_latency,315,1,hipblaslt,6.44,7.88
synchronized_latency,316,1,fe2o3,6.36,7.96
synchronized_latency,317,1,hipblaslt,6.48,7.84
synchronized_latency,318,1,fe2o3,8.481,7.92
synchronized_latency,319,1,hipblaslt,6.56,8.8
synchronized_latency,320,1,fe2o3,6.48,7.84
synchronized_latency,321,1,hipblaslt,8.32,8.16
synchronized_latency,322,1,fe2o3,7.2,8.04
synchronized_latency,323,1,hipblaslt,6.44,8.04
synchronized_latency,324,1,fe2o3,6.48,7.96
synchronized_latency,325,1,hipblaslt,6.48,7.96
synchronized_latency,326,1,fe2o3,6.44,7.84
synchronized_latency,327,1,hipblaslt,6.32,7.76
synchronized_latency,328,1,fe2o3,6.52,8
synchronized_latency,329,1,hipblaslt,6.6,7.881
synchronized_latency,330,1,fe2o3,6.52,8.04
synchronized_latency,331,1,hipblaslt,6.52,7.76
synchronized_latency,332,1,fe2o3,6.4,7.96
synchronized_latency,333,1,hipblaslt,11.72,7.72
synchronized_latency,334,1,fe2o3,6.4,7.88
synchronized_latency,335,1,hipblaslt,8.08,14.68
synchronized_latency,336,1,fe2o3,6.56,20.32
synchronized_latency,337,1,hipblaslt,8.76,8.88
synchronized_latency,338,1,fe2o3,6.4,8.96
synchronized_latency,339,1,hipblaslt,6.8,10.521
synchronized_latency,340,1,fe2o3,6.36,9.32
synchronized_latency,341,1,hipblaslt,6.48,8.56
synchronized_latency,342,1,fe2o3,6.44,17.32
synchronized_latency,343,1,hipblaslt,9.48,7.76
synchronized_latency,344,1,fe2o3,6.44,10.12
synchronized_latency,345,1,hipblaslt,11,8
synchronized_latency,346,1,fe2o3,6.28,9.32
synchronized_latency,347,1,hipblaslt,15.08,8
synchronized_latency,348,1,fe2o3,6.6,8.08
synchronized_latency,349,1,hipblaslt,7.44,8.04
synchronized_latency,350,1,fe2o3,6.56,8.88
synchronized_latency,351,1,hipblaslt,7.96,12.72
synchronized_latency,352,1,fe2o3,7.4,8.6
synchronized_latency,353,1,hipblaslt,9.28,18.8
synchronized_latency,354,1,fe2o3,7.96,12.8
synchronized_latency,355,1,hipblaslt,8.6,20.16
synchronized_latency,356,1,fe2o3,7.76,11.12
synchronized_latency,357,1,hipblaslt,8.04,7.96
synchronized_latency,358,1,fe2o3,7.6,15.56
synchronized_latency,359,1,hipblaslt,8.8,8.64
synchronized_latency,360,1,fe2o3,6.76,9.72
synchronized_latency,361,1,hipblaslt,8.52,11.52
synchronized_latency,362,1,fe2o3,7.8,16.24
synchronized_latency,363,1,hipblaslt,8.04,17.36
synchronized_latency,364,1,fe2o3,8.56,16.16
synchronized_latency,365,1,hipblaslt,7.24,15.04
synchronized_latency,366,1,fe2o3,8.32,15.32
synchronized_latency,367,1,hipblaslt,9.24,16.68
synchronized_latency,368,1,fe2o3,6.44,11.16
synchronized_latency,369,1,hipblaslt,10.68,8.96
synchronized_latency,370,1,fe2o3,6.56,18.56
synchronized_latency,371,1,hipblaslt,8.16,12.36
synchronized_latency,372,1,fe2o3,13.28,13.84
synchronized_latency,373,1,hipblaslt,10.72,8.76
synchronized_latency,374,1,fe2o3,8.48,22.76
synchronized_latency,375,1,hipblaslt,9.44,16.4
synchronized_latency,376,1,fe2o3,6.56,28.48
synchronized_latency,377,1,hipblaslt,13.04,17.2
synchronized_latency,378,1,fe2o3,6.44,11.16
synchronized_latency,379,1,hipblaslt,16,8.08
synchronized_latency,380,1,fe2o3,6.44,16.88
synchronized_latency,381,1,hipblaslt,9.24,11
synchronized_latency,382,1,fe2o3,8.24,18.52
synchronized_latency,383,1,hipblaslt,8.36,8.24
synchronized_latency,384,1,fe2o3,6.6,16.16
synchronized_latency,385,1,hipblaslt,8.88,18.161
synchronized_latency,386,1,fe2o3,6.48,11.68
synchronized_latency,387,1,hipblaslt,8.72,8.96
synchronized_latency,388,1,fe2o3,7.32,13.48
synchronized_latency,389,1,hipblaslt,11.48,8.16
synchronized_latency,390,1,fe2o3,8.84,9.8
synchronized_latency,391,1,hipblaslt,9.24,11.24
synchronized_latency,392,1,fe2o3,6.48,17.64
synchronized_latency,393,1,hipblaslt,6.401,7.96
synchronized_latency,394,1,fe2o3,6.36,8.32
synchronized_latency,395,1,hipblaslt,6.52,8
synchronized_latency,396,1,fe2o3,6.44,8.24
synchronized_latency,397,1,hipblaslt,6.32,7.8
synchronized_latency,398,1,fe2o3,6.32,7.92
synchronized_latency,399,1,hipblaslt,6.32,7.76
synchronized_latency,400,1,fe2o3,6.36,7.88
synchronized_latency,401,1,hipblaslt,6.32,7.88
synchronized_latency,402,1,fe2o3,6.4,8
synchronized_latency,403,1,hipblaslt,7.04,13.84
synchronized_latency,404,1,fe2o3,6.48,10.32
synchronized_latency,405,1,hipblaslt,6.48,7.76
synchronized_latency,406,1,fe2o3,6.44,8.72
synchronized_latency,407,1,hipblaslt,6.36,7.6
synchronized_latency,408,1,fe2o3,6.36,7.84
synchronized_latency,409,1,hipblaslt,6.48,8
synchronized_latency,410,1,fe2o3,6.52,7.96
synchronized_latency,411,1,hipblaslt,6.4,7.8
synchronized_latency,412,1,fe2o3,6.48,7.64
synchronized_latency,413,1,hipblaslt,6.48,7.88
synchronized_latency,414,1,fe2o3,6.56,7.92
synchronized_latency,415,1,hipblaslt,6.48,7.72
synchronized_latency,416,1,fe2o3,6.52,7.88
synchronized_latency,417,1,hipblaslt,6.44,7.68
synchronized_latency,418,1,fe2o3,6.44,8.2
synchronized_latency,419,1,hipblaslt,6.44,8.12
synchronized_latency,420,1,fe2o3,6.48,8.08
synchronized_latency,421,1,hipblaslt,6.52,8.16
synchronized_latency,422,1,fe2o3,6.6,8.48
synchronized_latency,423,1,hipblaslt,6.4,8.16
synchronized_latency,424,1,fe2o3,6.52,7.92
synchronized_latency,425,1,hipblaslt,6.56,7.96
synchronized_latency,426,1,fe2o3,6.52,7.921
synchronized_latency,427,1,hipblaslt,6.4,8.12
synchronized_latency,428,1,fe2o3,6.44,8.04
synchronized_latency,429,1,hipblaslt,6.36,7.8
synchronized_latency,430,1,fe2o3,6.48,10.2
synchronized_latency,431,1,hipblaslt,6.56,7.64
synchronized_latency,432,1,fe2o3,6.48,7.88
synchronized_latency,433,1,hipblaslt,6.36,7.76
synchronized_latency,434,1,fe2o3,6.44,8.12
synchronized_latency,435,1,hipblaslt,6.4,7.72
synchronized_latency,436,1,fe2o3,6.36,7.72
synchronized_latency,437,1,hipblaslt,6.401,8.4
synchronized_latency,438,1,fe2o3,6.48,7.8
synchronized_latency,439,1,hipblaslt,6.44,7.72
synchronized_latency,440,1,fe2o3,8,7.96
synchronized_latency,441,1,hipblaslt,6.52,7.76
synchronized_latency,442,1,fe2o3,6.44,8.04
synchronized_latency,443,1,hipblaslt,6.44,7.84
synchronized_latency,444,1,fe2o3,6.56,7.8
synchronized_latency,445,1,hipblaslt,6.36,7.72
synchronized_latency,446,1,fe2o3,6.36,7.88
synchronized_latency,447,1,hipblaslt,6.44,8
synchronized_latency,448,1,fe2o3,6.52,7.88
synchronized_latency,449,1,hipblaslt,6.4,7.88
synchronized_latency,450,1,fe2o3,6.56,7.8
synchronized_latency,451,1,hipblaslt,6.56,7.76
synchronized_latency,452,1,fe2o3,6.64,7.84
synchronized_latency,453,1,hipblaslt,6.44,7.88
synchronized_latency,454,1,fe2o3,6.4,7.76
synchronized_latency,455,1,hipblaslt,6.48,7.72
synchronized_latency,456,1,fe2o3,6.44,7.84
synchronized_latency,457,1,hipblaslt,6.4,7.72
synchronized_latency,458,1,fe2o3,9.6,7.72
synchronized_latency,459,1,hipblaslt,7.2,7.88
synchronized_latency,460,1,fe2o3,6.6,7.76
synchronized_latency,461,1,hipblaslt,10.48,7.84
synchronized_latency,462,1,fe2o3,7.2,7.68
synchronized_latency,463,1,hipblaslt,6.56,7.76
synchronized_latency,464,1,fe2o3,6.52,8.08
synchronized_latency,465,1,hipblaslt,6.52,7.84
synchronized_latency,466,1,fe2o3,6.48,7.96
synchronized_latency,467,1,hipblaslt,6.52,8.84
synchronized_latency,468,1,fe2o3,6.56,7.96
synchronized_latency,469,1,hipblaslt,6.4,7.8
synchronized_latency,470,1,fe2o3,6.44,8
synchronized_latency,471,1,hipblaslt,6.36,7.72
synchronized_latency,472,1,fe2o3,6.52,7.92
synchronized_latency,473,1,hipblaslt,6.4,7.76
synchronized_latency,474,1,fe2o3,6.36,7.92
synchronized_latency,475,1,hipblaslt,6.44,7.92
synchronized_latency,476,1,fe2o3,6.6,7.88
synchronized_latency,477,1,hipblaslt,6.52,7.88
synchronized_latency,478,1,fe2o3,6.56,7.92
synchronized_latency,479,1,hipblaslt,6.48,8.04
synchronized_latency,480,1,fe2o3,6.36,7.84
synchronized_latency,481,1,hipblaslt,6.4,7.76
synchronized_latency,482,1,fe2o3,6.36,7.88
synchronized_latency,483,1,hipblaslt,6.4,7.84
synchronized_latency,484,1,fe2o3,6.4,7.88
synchronized_latency,485,1,hipblaslt,9.96,7.8
synchronized_latency,486,1,fe2o3,6.48,7.88
synchronized_latency,487,1,hipblaslt,6.36,8.88
synchronized_latency,488,1,fe2o3,6.48,8.04
synchronized_latency,489,1,hipblaslt,6.36,9.52
synchronized_latency,490,1,fe2o3,6.44,8
synchronized_latency,491,1,hipblaslt,6.44,7.8
synchronized_latency,492,1,fe2o3,6.52,7.96
synchronized_latency,493,1,hipblaslt,6.48,7.88
synchronized_latency,494,1,fe2o3,7,7.8
synchronized_latency,495,1,hipblaslt,6.48,8.6
synchronized_latency,496,1,fe2o3,6.56,7.88
synchronized_latency,497,1,hipblaslt,6.56,7.84
synchronized_latency,498,1,fe2o3,6.48,7.8
synchronized_latency,499,1,hipblaslt,6.4,7.84
synchronized_latency,500,1,fe2o3,6.56,13.2
synchronized_latency,501,1,hipblaslt,7.12,7.84
synchronized_latency,502,1,fe2o3,9.84,9.24
synchronized_latency,503,1,hipblaslt,12.401,7.68
synchronized_latency,504,1,fe2o3,6.48,8.92
synchronized_latency,505,1,hipblaslt,14.04,7.84
synchronized_latency,506,1,fe2o3,6.36,8.28
synchronized_latency,507,1,hipblaslt,45.76,7.84
synchronized_latency,508,1,fe2o3,6.44,8.24
synchronized_latency,509,1,hipblaslt,19.68,7.88
synchronized_latency,510,1,fe2o3,6.32,10.52
synchronized_latency,511,1,hipblaslt,15.76,7.84
synchronized_latency,512,1,fe2o3,6.52,7.56
synchronized_latency,513,1,hipblaslt,11.68,9.24
synchronized_latency,514,1,fe2o3,6.4,9.28
synchronized_latency,515,1,hipblaslt,7,8.12
synchronized_latency,516,1,fe2o3,6.44,8.52
synchronized_latency,517,1,hipblaslt,6.6,8.12
synchronized_latency,518,1,fe2o3,6.52,15.44
synchronized_latency,519,1,hipblaslt,9.641,8
synchronized_latency,520,1,fe2o3,6.4,8.56
synchronized_latency,521,1,hipblaslt,17.16,8.24
synchronized_latency,522,1,fe2o3,6.32,8.68
synchronized_latency,523,1,hipblaslt,9.8,11.08
synchronized_latency,524,1,fe2o3,7.36,9.32
synchronized_latency,525,1,hipblaslt,7.32,7.8
synchronized_latency,526,1,fe2o3,6.52,11.36
synchronized_latency,527,1,hipblaslt,7.36,7.68
synchronized_latency,528,1,fe2o3,6.36,9.96
synchronized_latency,529,1,hipblaslt,14.84,12.56
synchronized_latency,530,1,fe2o3,7.52,8.2
synchronized_latency,531,1,hipblaslt,9.2,11.28
synchronized_latency,532,1,fe2o3,7.24,8.76
synchronized_latency,533,1,hipblaslt,7.92,8.08
synchronized_latency,534,1,fe2o3,8.2,16.48
synchronized_latency,535,1,hipblaslt,13.76,11.6
synchronized_latency,536,1,fe2o3,8,11.48
synchronized_latency,537,1,hipblaslt,16.72,13.96
synchronized_latency,538,1,fe2o3,6.4,10.04
synchronized_latency,539,1,hipblaslt,10.4,17
synchronized_latency,540,1,fe2o3,8.64,11.92
synchronized_latency,541,1,hipblaslt,6.84,11.52
synchronized_latency,542,1,fe2o3,6.64,12.16
synchronized_latency,543,1,hipblaslt,7.36,11.48
synchronized_latency,544,1,fe2o3,18.64,18.6
synchronized_latency,545,1,hipblaslt,16.88,18.56
synchronized_latency,546,1,fe2o3,11.76,8.56
synchronized_latency,547,1,hipblaslt,10.56,18.52
synchronized_latency,548,1,fe2o3,6.36,21.6
synchronized_latency,549,1,hipblaslt,8.12,8
synchronized_latency,550,1,fe2o3,6.92,17
synchronized_latency,551,1,hipblaslt,12.64,20.36
synchronized_latency,552,1,fe2o3,6.48,9.24
synchronized_latency,553,1,hipblaslt,10.92,17.36
synchronized_latency,554,1,fe2o3,9.04,8.2
synchronized_latency,555,1,hipblaslt,8.88,8.04
synchronized_latency,556,1,fe2o3,6.4,8.24
synchronized_latency,557,1,hipblaslt,6.36,7.92
synchronized_latency,558,1,fe2o3,6.4,8.24
synchronized_latency,559,1,hipblaslt,6.44,8.04
synchronized_latency,560,1,fe2o3,6.52,8.24
synchronized_latency,561,1,hipblaslt,6.32,8.16
synchronized_latency,562,1,fe2o3,6.48,8.04
synchronized_latency,563,1,hipblaslt,6.44,8.08
synchronized_latency,564,1,fe2o3,6.4,8.12
synchronized_latency,565,1,hipblaslt,6.48,7.92
synchronized_latency,566,1,fe2o3,6.48,8
synchronized_latency,567,1,hipblaslt,6.4,8.04
synchronized_latency,568,1,fe2o3,6.68,7.88
synchronized_latency,569,1,hipblaslt,6.4,7.76
synchronized_latency,570,1,fe2o3,6.56,7.88
synchronized_latency,571,1,hipblaslt,6.44,11.16
synchronized_latency,572,1,fe2o3,6.48,10.44
synchronized_latency,573,1,hipblaslt,6.4,7.92
synchronized_latency,574,1,fe2o3,6.48,12.68
synchronized_latency,575,1,hipblaslt,6.36,9.88
synchronized_latency,576,1,fe2o3,6.32,7.8
synchronized_latency,577,1,hipblaslt,6.64,8.12
synchronized_latency,578,1,fe2o3,6.56,7.8
synchronized_latency,579,1,hipblaslt,7.4,7.92
synchronized_latency,580,1,fe2o3,6.76,7.96
synchronized_latency,581,1,hipblaslt,6.44,7.72
synchronized_latency,582,1,fe2o3,6.44,8.04
synchronized_latency,583,1,hipblaslt,6.56,7.8
synchronized_latency,584,1,fe2o3,6.44,7.84
synchronized_latency,585,1,hipblaslt,6.36,7.88
synchronized_latency,586,1,fe2o3,6.48,7.84
synchronized_latency,587,1,hipblaslt,6.4,7.76
synchronized_latency,588,1,fe2o3,6.52,7.8
synchronized_latency,589,1,hipblaslt,6.48,7.88
synchronized_latency,590,1,fe2o3,6.36,7.84
synchronized_latency,591,1,hipblaslt,6.56,7.801
synchronized_latency,592,1,fe2o3,6.48,7.76
synchronized_latency,593,1,hipblaslt,6.36,7.76
synchronized_latency,594,1,fe2o3,6.4,7.64
synchronized_latency,595,1,hipblaslt,6.48,7.76
synchronized_latency,596,1,fe2o3,6.44,7.8
synchronized_latency,597,1,hipblaslt,6.44,7.76
synchronized_latency,598,1,fe2o3,6.52,8.96
synchronized_latency,599,1,hipblaslt,10.16,7.8
synchronized_latency,600,1,fe2o3,6.32,7.72
synchronized_latency,601,1,hipblaslt,6.36,8.36
synchronized_latency,602,1,fe2o3,7.12,7.88
synchronized_latency,603,1,hipblaslt,6.56,7.92
synchronized_latency,604,1,fe2o3,6.52,8.24
synchronized_latency,605,1,hipblaslt,6.44,8
synchronized_latency,606,1,fe2o3,6.64,7.84
synchronized_latency,607,1,hipblaslt,7.12,7.8
synchronized_latency,608,1,fe2o3,6.48,8
synchronized_latency,609,1,hipblaslt,6.44,7.92
synchronized_latency,610,1,fe2o3,6.48,7.96
synchronized_latency,611,1,hipblaslt,6.36,7.88
synchronized_latency,612,1,fe2o3,6.4,7.92
synchronized_latency,613,1,hipblaslt,6.4,7.841
synchronized_latency,614,1,fe2o3,6.36,8.04
synchronized_latency,615,1,hipblaslt,6.56,7.96
synchronized_latency,616,1,fe2o3,6.52,7.92
synchronized_latency,617,1,hipblaslt,6.52,7.96
synchronized_latency,618,1,fe2o3,6.44,8.12
synchronized_latency,619,1,hipblaslt,6.6,7.92
synchronized_latency,620,1,fe2o3,6.48,8.04
synchronized_latency,621,1,hipblaslt,6.52,7.88
synchronized_latency,622,1,fe2o3,6.48,8.12
synchronized_latency,623,1,hipblaslt,6.44,7.76
synchronized_latency,624,1,fe2o3,6.48,8.12
synchronized_latency,625,1,hipblaslt,6.48,7.8
synchronized_latency,626,1,fe2o3,9.88,8.04
synchronized_latency,627,1,hipblaslt,6.52,10.08
synchronized_latency,628,1,fe2o3,6.52,7.84
synchronized_latency,629,1,hipblaslt,8.52,8.72
synchronized_latency,630,1,fe2o3,7.28,7.88
synchronized_latency,631,1,hipblaslt,6.4,7.96
synchronized_latency,632,1,fe2o3,6.52,8.28
synchronized_latency,633,1,hipblaslt,6.48,8.12
synchronized_latency,634,1,fe2o3,6.4,7.92
synchronized_latency,635,1,hipblaslt,6.48,7.72
synchronized_latency,636,1,fe2o3,6.52,7.96
synchronized_latency,637,1,hipblaslt,6.36,7.8
synchronized_latency,638,1,fe2o3,6.36,7.84
synchronized_latency,639,1,hipblaslt,6.4,8.16
synchronized_latency,640,1,fe2o3,6.36,7.84
synchronized_latency,641,1,hipblaslt,6.4,7.96
synchronized_latency,642,1,fe2o3,6.48,7.8
synchronized_latency,643,1,hipblaslt,6.52,7.84
synchronized_latency,644,1,fe2o3,6.4,7.8
synchronized_latency,645,1,hipblaslt,6.4,7.68
synchronized_latency,646,1,fe2o3,6.44,7.801
synchronized_latency,647,1,hipblaslt,6.52,7.84
synchronized_latency,648,1,fe2o3,6.44,7.84
synchronized_latency,649,1,hipblaslt,6.6,7.68
synchronized_latency,650,1,fe2o3,6.4,7.8
synchronized_latency,651,1,hipblaslt,6.4,7.68
synchronized_latency,652,1,fe2o3,6.44,7.84
synchronized_latency,653,1,hipblaslt,8.72,7.72
synchronized_latency,654,1,fe2o3,6.48,10.84
synchronized_latency,655,1,hipblaslt,6.44,7.72
synchronized_latency,656,1,fe2o3,6.44,7.84
synchronized_latency,657,1,hipblaslt,8.361,9.88
synchronized_latency,658,1,fe2o3,6.52,7.92
synchronized_latency,659,1,hipblaslt,6.44,7.76
synchronized_latency,660,1,fe2o3,6.6,8.04
synchronized_latency,661,1,hipblaslt,6.44,8
synchronized_latency,662,1,fe2o3,6.44,9.08
synchronized_latency,663,1,hipblaslt,6.32,7.76
synchronized_latency,664,1,fe2o3,6.36,11.32
synchronized_latency,665,1,hipblaslt,6.4,7.76
synchronized_latency,666,1,fe2o3,6.36,7.96
synchronized_latency,667,1,hipblaslt,11.84,7.84
synchronized_latency,668,1,fe2o3,6.44,7.76
synchronized_latency,669,1,hipblaslt,8.16,7.8
synchronized_latency,670,1,fe2o3,6.44,9.08
synchronized_latency,671,1,hipblaslt,8.08,7.92
synchronized_latency,672,1,fe2o3,6.4,12.16
synchronized_latency,673,1,hipblaslt,8.96,7.8
synchronized_latency,674,1,fe2o3,6.4,8.96
synchronized_latency,675,1,hipblaslt,6.72,8.12
synchronized_latency,676,1,fe2o3,6.36,8.36
synchronized_latency,677,1,hipblaslt,9.8,8.08
synchronized_latency,678,1,fe2o3,6.44,15.92
synchronized_latency,679,1,hipblaslt,15.16,8.2
synchronized_latency,680,1,fe2o3,6.44,7.8
synchronized_latency,681,1,hipblaslt,10.64,7.92
synchronized_latency,682,1,fe2o3,6.4,8.36
synchronized_latency,683,1,hipblaslt,12.56,8.08
synchronized_latency,684,1,fe2o3,6.52,11.04
synchronized_latency,685,1,hipblaslt,10.56,9.92
synchronized_latency,686,1,fe2o3,6.48,9.4
synchronized_latency,687,1,hipblaslt,9.68,8.04
synchronized_latency,688,1,fe2o3,6.32,10.36
synchronized_latency,689,1,hipblaslt,10.92,8.12
synchronized_latency,690,1,fe2o3,6.44,7.92
synchronized_latency,691,1,hipblaslt,10.36,8.12
synchronized_latency,692,1,fe2o3,6.52,8.68
synchronized_latency,693,1,hipblaslt,8.28,7.96
synchronized_latency,694,1,fe2o3,6.32,8.56
synchronized_latency,695,1,hipblaslt,12.36,8.16
synchronized_latency,696,1,fe2o3,6.4,19.4
synchronized_latency,697,1,hipblaslt,19.56,15.84
synchronized_latency,698,1,fe2o3,7.64,11.72
synchronized_latency,699,1,hipblaslt,17.72,8.28
synchronized_latency,700,1,fe2o3,7.08,7.76
synchronized_latency,701,1,hipblaslt,10.96,8.92
synchronized_latency,702,1,fe2o3,6.56,8.28
synchronized_latency,703,1,hipblaslt,12.24,7.84
synchronized_latency,704,1,fe2o3,7.2,10.12
synchronized_latency,705,1,hipblaslt,11.32,8.8
synchronized_latency,706,1,fe2o3,6.44,15.04
synchronized_latency,707,1,hipblaslt,12.64,17.68
synchronized_latency,708,1,fe2o3,7.92,13.841
synchronized_latency,709,1,hipblaslt,10.76,11.8
synchronized_latency,710,1,fe2o3,7.28,12.16
synchronized_latency,711,1,hipblaslt,11.04,8.04
synchronized_latency,712,1,fe2o3,7.92,22.4
synchronized_latency,713,1,hipblaslt,12.52,7.84
synchronized_latency,714,1,fe2o3,6.52,11.44
synchronized_latency,715,1,hipblaslt,9.4,7.68
synchronized_latency,716,1,fe2o3,7.48,12.12
synchronized_latency,717,1,hipblaslt,12.24,16.24
synchronized_latency,718,1,fe2o3,6.6,11.92
synchronized_latency,719,1,hipblaslt,10.76,8.48
synchronized_latency,720,1,fe2o3,21.84,23.2
synchronized_latency,721,1,hipblaslt,21.16,7.8
synchronized_latency,722,1,fe2o3,6.48,7.8
synchronized_latency,723,1,hipblaslt,11.24,17.56
synchronized_latency,724,1,fe2o3,7.44,11.52
synchronized_latency,725,1,hipblaslt,6.48,11.4
synchronized_latency,726,1,fe2o3,6.52,7.92
synchronized_latency,727,1,hipblaslt,6.48,7.76
synchronized_latency,728,1,fe2o3,6.48,8
synchronized_latency,729,1,hipblaslt,6.56,7.6
synchronized_latency,730,1,fe2o3,6.4,7.8
synchronized_latency,731,1,hipblaslt,6.44,7.8
synchronized_latency,732,1,fe2o3,6.4,7.84
synchronized_latency,733,1,hipblaslt,6.48,7.84
synchronized_latency,734,1,fe2o3,6.52,7.92
synchronized_latency,735,1,hipblaslt,6.32,7.88
synchronized_latency,736,1,fe2o3,6.36,7.8
synchronized_latency,737,1,hipblaslt,6.44,7.76
synchronized_latency,738,1,fe2o3,6.52,8.04
synchronized_latency,739,1,hipblaslt,6.36,13.56
synchronized_latency,740,1,fe2o3,6.52,7.92
synchronized_latency,741,1,hipblaslt,6.52,7.88
synchronized_latency,742,1,fe2o3,6.44,9.88
synchronized_latency,743,1,hipblaslt,6.52,8.6
synchronized_latency,744,1,fe2o3,6.52,8.001
synchronized_latency,745,1,hipblaslt,6.56,7.84
synchronized_latency,746,1,fe2o3,6.48,7.96
synchronized_latency,747,1,hipblaslt,6.36,8
synchronized_latency,748,1,fe2o3,6.52,8.04
synchronized_latency,749,1,hipblaslt,6.4,7.88
synchronized_latency,750,1,fe2o3,6.48,7.88
synchronized_latency,751,1,hipblaslt,6.48,7.72
synchronized_latency,752,1,fe2o3,6.44,7.84
synchronized_latency,753,1,hipblaslt,6.36,7.88
synchronized_latency,754,1,fe2o3,6.32,7.88
synchronized_latency,755,1,hipblaslt,6.4,7.84
synchronized_latency,756,1,fe2o3,6.52,7.76
synchronized_latency,757,1,hipblaslt,6.52,7.8
synchronized_latency,758,1,fe2o3,6.44,7.76
synchronized_latency,759,1,hipblaslt,6.36,7.84
synchronized_latency,760,1,fe2o3,6.48,7.88
synchronized_latency,761,1,hipblaslt,6.4,7.92
synchronized_latency,762,1,fe2o3,6.56,7.88
synchronized_latency,763,1,hipblaslt,6.4,7.88
synchronized_latency,764,1,fe2o3,6.44,7.84
synchronized_latency,765,1,hipblaslt,6.36,7.88
synchronized_latency,766,1,fe2o3,6.4,10.6
synchronized_latency,767,1,hipblaslt,6.52,7.88
synchronized_latency,768,1,fe2o3,9.48,7.88
synchronized_latency,769,1,hipblaslt,6.36,7.88
synchronized_latency,770,1,fe2o3,7.24,8.6
synchronized_latency,771,1,hipblaslt,6.4,8.04
synchronized_latency,772,1,fe2o3,6.52,7.88
synchronized_latency,773,1,hipblaslt,6.48,8.04
synchronized_latency,774,1,fe2o3,6.6,8
synchronized_latency,775,1,hipblaslt,6.44,7.76
synchronized_latency,776,1,fe2o3,6.48,7.84
synchronized_latency,777,1,hipblaslt,6.6,7.96
synchronized_latency,778,1,fe2o3,6.56,7.8
synchronized_latency,779,1,hipblaslt,6.44,7.84
synchronized_latency,780,1,fe2o3,6.44,7.88
synchronized_latency,781,1,hipblaslt,6.48,7.96
synchronized_latency,782,1,fe2o3,6.52,7.96
synchronized_latency,783,1,hipblaslt,6.52,7.88
synchronized_latency,784,1,fe2o3,6.44,7.88
synchronized_latency,785,1,hipblaslt,6.48,7.76
synchronized_latency,786,1,fe2o3,6.44,7.84
synchronized_latency,787,1,hipblaslt,6.52,7.88
synchronized_latency,788,1,fe2o3,6.52,8.08
synchronized_latency,789,1,hipblaslt,6.52,8.12
synchronized_latency,790,1,fe2o3,6.36,7.88
synchronized_latency,791,1,hipblaslt,6.4,8
synchronized_latency,792,1,fe2o3,6.6,8
synchronized_latency,793,1,hipblaslt,6.56,7.96
synchronized_latency,794,1,fe2o3,10,8.12
synchronized_latency,795,1,hipblaslt,6.32,8.04
synchronized_latency,796,1,fe2o3,6.4,7.88
synchronized_latency,797,1,hipblaslt,7.16,8
synchronized_latency,798,1,fe2o3,8.76,7.96
synchronized_latency,799,1,hipblaslt,6.48,8.2
synchronized_latency,800,1,fe2o3,6.521,8.08
synchronized_latency,801,1,hipblaslt,6.56,7.96
synchronized_latency,802,1,fe2o3,6.36,8.04
synchronized_latency,803,1,hipblaslt,7.24,7.84
synchronized_latency,804,1,fe2o3,6.48,7.84
synchronized_latency,805,1,hipblaslt,6.48,7.8
synchronized_latency,806,1,fe2o3,6.44,7.84
synchronized_latency,807,1,hipblaslt,6.48,7.8
synchronized_latency,808,1,fe2o3,6.52,7.92
synchronized_latency,809,1,hipblaslt,6.4,7.8
synchronized_latency,810,1,fe2o3,6.44,7.76
synchronized_latency,811,1,hipblaslt,6.44,7.88
synchronized_latency,812,1,fe2o3,6.36,7.96
synchronized_latency,813,1,hipblaslt,6.36,7.8
synchronized_latency,814,1,fe2o3,6.52,7.72
synchronized_latency,815,1,hipblaslt,6.44,7.68
synchronized_latency,816,1,fe2o3,6.44,7.76
synchronized_latency,817,1,hipblaslt,6.32,7.88
synchronized_latency,818,1,fe2o3,6.48,7.84
synchronized_latency,819,1,hipblaslt,6.32,7.76
synchronized_latency,820,1,fe2o3,6.4,8
synchronized_latency,821,1,hipblaslt,11.96,7.88
synchronized_latency,822,1,fe2o3,6.48,7.84
synchronized_latency,823,1,hipblaslt,6.52,8.2
synchronized_latency,824,1,fe2o3,6.44,7.84
synchronized_latency,825,1,hipblaslt,6.48,8.24
synchronized_latency,826,1,fe2o3,6.6,7.8
synchronized_latency,827,1,hipblaslt,6.36,7.76
synchronized_latency,828,1,fe2o3,6.48,7.8
synchronized_latency,829,1,hipblaslt,6.6,7.84
synchronized_latency,830,1,fe2o3,6.48,7.76
synchronized_latency,831,1,hipblaslt,6.44,7.68
synchronized_latency,832,1,fe2o3,6.4,7.92
synchronized_latency,833,1,hipblaslt,6.32,7.88
synchronized_latency,834,1,fe2o3,6.4,13.4
synchronized_latency,835,1,hipblaslt,10.28,8.2
synchronized_latency,836,1,fe2o3,6.56,8.32
synchronized_latency,837,1,hipblaslt,6.4,8.16
synchronized_latency,838,1,fe2o3,6.56,8.2
synchronized_latency,839,1,hipblaslt,7.4,7.92
synchronized_latency,840,1,fe2o3,13.8,8.28
synchronized_latency,841,1,hipblaslt,8.76,8.04
synchronized_latency,842,1,fe2o3,6.52,8.56
synchronized_latency,843,1,hipblaslt,7.96,8.12
synchronized_latency,844,1,fe2o3,6.36,8.64
synchronized_latency,845,1,hipblaslt,6.6,7.8
synchronized_latency,846,1,fe2o3,6.4,8.96
synchronized_latency,847,1,hipblaslt,8.44,7.84
synchronized_latency,848,1,fe2o3,6.64,9.28
synchronized_latency,849,1,hipblaslt,12.6,8.04
synchronized_latency,850,1,fe2o3,6.48,7.401
synchronized_latency,851,1,hipblaslt,8.68,8.08
synchronized_latency,852,1,fe2o3,6.48,12.04
synchronized_latency,853,1,hipblaslt,8.28,7.8
synchronized_latency,854,1,fe2o3,6.36,8.52
synchronized_latency,855,1,hipblaslt,7.36,7.8
synchronized_latency,856,1,fe2o3,6.4,11.2
synchronized_latency,857,1,hipblaslt,10.8,7.72
synchronized_latency,858,1,fe2o3,6.4,11.681
synchronized_latency,859,1,hipblaslt,8.12,7.76
synchronized_latency,860,1,fe2o3,6.48,16.84
synchronized_latency,861,1,hipblaslt,11.56,13.04
synchronized_latency,862,1,fe2o3,9.56,13.68
synchronized_latency,863,1,hipblaslt,11,13.28
synchronized_latency,864,1,fe2o3,7.92,8.8
synchronized_latency,865,1,hipblaslt,14.12,11.56
synchronized_latency,866,1,fe2o3,6.68,8
synchronized_latency,867,1,hipblaslt,9.16,11.88
synchronized_latency,868,1,fe2o3,8.32,15.08
synchronized_latency,869,1,hipblaslt,24.8,11.16
synchronized_latency,870,1,fe2o3,7.8,9.2
synchronized_latency,871,1,hipblaslt,8.16,11.4
synchronized_latency,872,1,fe2o3,13.92,11.24
synchronized_latency,873,1,hipblaslt,13.16,7.8
synchronized_latency,874,1,fe2o3,6.56,8.8
synchronized_latency,875,1,hipblaslt,11.2,11
synchronized_latency,876,1,fe2o3,8.68,22.64
synchronized_latency,877,1,hipblaslt,8.72,15.84
synchronized_latency,878,1,fe2o3,6.68,10.68
synchronized_latency,879,1,hipblaslt,9.28,8
synchronized_latency,880,1,fe2o3,7.28,10.68
synchronized_latency,881,1,hipblaslt,17.681,18.24
synchronized_latency,882,1,fe2o3,7.56,19
synchronized_latency,883,1,hipblaslt,8.84,14.8
synchronized_latency,884,1,fe2o3,8.68,10.2
synchronized_latency,885,1,hipblaslt,9.56,8
synchronized_latency,886,1,fe2o3,6.48,12.4
synchronized_latency,887,1,hipblaslt,11.56,10.4
synchronized_latency,888,1,fe2o3,6.68,10.76
synchronized_latency,889,1,hipblaslt,22,16.12
synchronized_latency,890,1,fe2o3,6.4,7.88
synchronized_latency,891,1,hipblaslt,6.48,8.08
synchronized_latency,892,1,fe2o3,6.52,8.52
synchronized_latency,893,1,hipblaslt,6.32,8
synchronized_latency,894,1,fe2o3,6.4,8.2
synchronized_latency,895,1,hipblaslt,6.44,8.08
synchronized_latency,896,1,fe2o3,6.36,8.08
synchronized_latency,897,1,hipblaslt,6.44,7.88
synchronized_latency,898,1,fe2o3,6.6,8
synchronized_latency,899,1,hipblaslt,6.36,7.84
synchronized_latency,900,1,fe2o3,6.44,7.92
synchronized_latency,901,1,hipblaslt,6.36,7.76
synchronized_latency,902,1,fe2o3,6.48,7.88
synchronized_latency,903,1,hipblaslt,6.32,7.88
synchronized_latency,904,1,fe2o3,6.4,7.88
synchronized_latency,905,1,hipblaslt,6.36,7.8
synchronized_latency,906,1,fe2o3,6.48,8.04
synchronized_latency,907,1,hipblaslt,6.36,7.84
synchronized_latency,908,1,fe2o3,6.48,10.64
synchronized_latency,909,1,hipblaslt,8.76,7.8
synchronized_latency,910,1,fe2o3,6.32,7.841
synchronized_latency,911,1,hipblaslt,6.52,7.96
synchronized_latency,912,1,fe2o3,7.12,7.6
synchronized_latency,913,1,hipblaslt,6.44,7.76
synchronized_latency,914,1,fe2o3,6.52,7.84
synchronized_latency,915,1,hipblaslt,6.44,7.76
synchronized_latency,916,1,fe2o3,6.4,7.84
synchronized_latency,917,1,hipblaslt,6.32,7.64
synchronized_latency,918,1,fe2o3,6.32,7.8
synchronized_latency,919,1,hipblaslt,6.36,7.96
synchronized_latency,920,1,fe2o3,6.44,7.84
synchronized_latency,921,1,hipblaslt,6.36,7.72
synchronized_latency,922,1,fe2o3,6.48,7.8
synchronized_latency,923,1,hipblaslt,6.6,7.84
synchronized_latency,924,1,fe2o3,6.4,7.88
synchronized_latency,925,1,hipblaslt,6.48,7.72
synchronized_latency,926,1,fe2o3,6.6,7.84
synchronized_latency,927,1,hipblaslt,6.44,7.76
synchronized_latency,928,1,fe2o3,6.52,7.84
synchronized_latency,929,1,hipblaslt,6.36,7.72
synchronized_latency,930,1,fe2o3,6.52,8.32
synchronized_latency,931,1,hipblaslt,6.44,8.12
synchronized_latency,932,1,fe2o3,6.4,8.161
synchronized_latency,933,1,hipblaslt,6.36,8
synchronized_latency,934,1,fe2o3,6.56,8.04
synchronized_latency,935,1,hipblaslt,10.2,8
synchronized_latency,936,1,fe2o3,6.56,8.04
synchronized_latency,937,1,hipblaslt,6.52,7.88
synchronized_latency,938,1,fe2o3,6.56,8.16
synchronized_latency,939,1,hipblaslt,7.16,8.76
synchronized_latency,940,1,fe2o3,6.48,7.92
synchronized_latency,941,1,hipblaslt,6.4,7.72
synchronized_latency,942,1,fe2o3,6.44,7.88
synchronized_latency,943,1,hipblaslt,6.32,7.84
synchronized_latency,944,1,fe2o3,6.48,7.84
synchronized_latency,945,1,hipblaslt,6.48,7.68
synchronized_latency,946,1,fe2o3,6.52,7.72
synchronized_latency,947,1,hipblaslt,6.36,7.84
synchronized_latency,948,1,fe2o3,6.4,7.76
synchronized_latency,949,1,hipblaslt,6.48,7.68
synchronized_latency,950,1,fe2o3,6.44,7.72
synchronized_latency,951,1,hipblaslt,6.4,7.68
synchronized_latency,952,1,fe2o3,6.44,7.84
synchronized_latency,953,1,hipblaslt,6.32,7.84
synchronized_latency,954,1,fe2o3,6.44,7.72
synchronized_latency,955,1,hipblaslt,6.48,7.72
synchronized_latency,956,1,fe2o3,6.44,7.88
synchronized_latency,957,1,hipblaslt,6.44,7.8
synchronized_latency,958,1,fe2o3,6.36,7.84
synchronized_latency,959,1,hipblaslt,6.44,8
synchronized_latency,960,1,fe2o3,6.44,8.04
synchronized_latency,961,1,hipblaslt,6.32,7.68
synchronized_latency,962,1,fe2o3,6.52,8
synchronized_latency,963,1,hipblaslt,6.4,11
synchronized_latency,964,1,fe2o3,6.48,10.32
synchronized_latency,965,1,hipblaslt,6.36,7.92
synchronized_latency,966,1,fe2o3,6.52,8.04
synchronized_latency,967,1,hipblaslt,6.48,8.44
synchronized_latency,968,1,fe2o3,6.36,8.04
synchronized_latency,969,1,hipblaslt,6.48,7.8
synchronized_latency,970,1,fe2o3,6.44,8.04
synchronized_latency,971,1,hipblaslt,6.64,7.8
synchronized_latency,972,1,fe2o3,9.68,7.84
synchronized_latency,973,1,hipblaslt,6.48,7.68
synchronized_latency,974,1,fe2o3,6.6,7.84
synchronized_latency,975,1,hipblaslt,6.44,7.96
synchronized_latency,976,1,fe2o3,6.4,7.8
synchronized_latency,977,1,hipblaslt,6.48,7.68
synchronized_latency,978,1,fe2o3,6.48,7.92
synchronized_latency,979,1,hipblaslt,6.52,7.72
synchronized_latency,980,1,fe2o3,6.48,7.8
synchronized_latency,981,1,hipblaslt,6.48,7.88
synchronized_latency,982,1,fe2o3,6.52,7.88
synchronized_latency,983,1,hipblaslt,6.56,7.8
synchronized_latency,984,1,fe2o3,6.44,7.88
synchronized_latency,985,1,hipblaslt,6.44,7.8
synchronized_latency,986,1,fe2o3,6.48,7.88
synchronized_latency,987,1,hipblaslt,6.4,7.76
synchronized_latency,988,1,fe2o3,6.48,7.92
synchronized_latency,989,1,hipblaslt,6.48,7.72
synchronized_latency,990,1,fe2o3,6.4,10.88
synchronized_latency,991,1,hipblaslt,6.48,7.8
synchronized_latency,992,1,fe2o3,6.36,7.88
synchronized_latency,993,1,hipblaslt,7.52,7.68
synchronized_latency,994,1,fe2o3,7.16,7.96
synchronized_latency,995,1,hipblaslt,6.44,8.12
synchronized_latency,996,1,fe2o3,6.4,7.96
synchronized_latency,997,1,hipblaslt,6.36,8
synchronized_latency,998,1,fe2o3,6.4,8.24
synchronized_latency,999,1,hipblaslt,6.36,8.601
synchronized_latency,1000,1,fe2o3,6.48,7.92
synchronized_latency,1001,1,hipblaslt,14.4,8.08
synchronized_latency,1002,1,fe2o3,6.4,11.12
synchronized_latency,1003,1,hipblaslt,6.4,13.16
synchronized_latency,1004,1,fe2o3,6.44,7.92
synchronized_latency,1005,1,hipblaslt,6.52,12.44
synchronized_latency,1006,1,fe2o3,6.4,8.08
synchronized_latency,1007,1,hipblaslt,6.48,11.72
synchronized_latency,1008,1,fe2o3,8.56,8.161
synchronized_latency,1009,1,hipblaslt,6.4,11.48
synchronized_latency,1010,1,fe2o3,6.36,8.32
synchronized_latency,1011,1,hipblaslt,6.36,31
synchronized_latency,1012,1,fe2o3,6.52,7.92
synchronized_latency,1013,1,hipblaslt,6.4,9.08
synchronized_latency,1014,1,fe2o3,6.44,11.36
synchronized_latency,1015,1,hipblaslt,6.32,7.84
synchronized_latency,1016,1,fe2o3,6.441,12.12
synchronized_latency,1017,1,hipblaslt,6.36,8.96
synchronized_latency,1018,1,fe2o3,6.32,7.8
synchronized_latency,1019,1,hipblaslt,6.76,10.68
synchronized_latency,1020,1,fe2o3,7.96,7.84
synchronized_latency,1021,1,hipblaslt,6.36,10.44
synchronized_latency,1022,1,fe2o3,6.36,7.84
synchronized_latency,1023,1,hipblaslt,7.76,8.84
synchronized_latency,1024,1,fe2o3,8.48,8.04
synchronized_latency,1025,1,hipblaslt,7.56,16.24
synchronized_latency,1026,1,fe2o3,6.6,7.72
synchronized_latency,1027,1,hipblaslt,8.04,9.32
synchronized_latency,1028,1,fe2o3,7.44,16.12
synchronized_latency,1029,1,hipblaslt,14.16,13.2
synchronized_latency,1030,1,fe2o3,7.96,7.88
synchronized_latency,1031,1,hipblaslt,7.28,9
synchronized_latency,1032,1,fe2o3,10.721,11.4
synchronized_latency,1033,1,hipblaslt,6.76,17.44
synchronized_latency,1034,1,fe2o3,9.32,18.56
synchronized_latency,1035,1,hipblaslt,7.16,11.88
synchronized_latency,1036,1,fe2o3,7.08,12.84
synchronized_latency,1037,1,hipblaslt,6.56,16
synchronized_latency,1038,1,fe2o3,7.84,8.12
synchronized_latency,1039,1,hipblaslt,6.6,16.96
synchronized_latency,1040,1,fe2o3,14.76,8.12
synchronized_latency,1041,1,hipblaslt,13.72,21.12
synchronized_latency,1042,1,fe2o3,7.8,18.8
synchronized_latency,1043,1,hipblaslt,6.52,14.84
synchronized_latency,1044,1,fe2o3,7.52,8
synchronized_latency,1045,1,hipblaslt,8.32,9.24
synchronized_latency,1046,1,fe2o3,6.72,7.88
synchronized_latency,1047,1,hipblaslt,11.8,14.321
synchronized_latency,1048,1,fe2o3,8.56,8.24
synchronized_latency,1049,1,hipblaslt,16.04,11.04
synchronized_latency,1050,1,fe2o3,7.6,11.96
synchronized_latency,1051,1,hipblaslt,9.64,23.6
synchronized_latency,1052,1,fe2o3,7.32,17.52
synchronized_latency,1053,1,hipblaslt,7.72,18.68
synchronized_latency,1054,1,fe2o3,6.72,8.04
synchronized_latency,1055,1,hipblaslt,6.36,8.88
synchronized_latency,1056,1,fe2o3,6.36,8.32
synchronized_latency,1057,1,hipblaslt,6.4,8.24
synchronized_latency,1058,1,fe2o3,6.48,7.88
synchronized_latency,1059,1,hipblaslt,6.48,7.76
synchronized_latency,1060,1,fe2o3,6.48,7.84
synchronized_latency,1061,1,hipblaslt,6.44,7.72
synchronized_latency,1062,1,fe2o3,6.4,8
synchronized_latency,1063,1,hipblaslt,6.36,7.8
synchronized_latency,1064,1,fe2o3,6.44,7.84
synchronized_latency,1065,1,hipblaslt,6.44,7.88
synchronized_latency,1066,1,fe2o3,6.56,7.76
synchronized_latency,1067,1,hipblaslt,6.4,7.8
synchronized_latency,1068,1,fe2o3,6.48,7.72
synchronized_latency,1069,1,hipblaslt,6.48,7.88
synchronized_latency,1070,1,fe2o3,6.56,7.88
synchronized_latency,1071,1,hipblaslt,6.36,7.68
synchronized_latency,1072,1,fe2o3,6.52,7.88
synchronized_latency,1073,1,hipblaslt,6.44,7.88
synchronized_latency,1074,1,fe2o3,6.44,7.8
synchronized_latency,1075,1,hipblaslt,6.4,7.8
synchronized_latency,1076,1,fe2o3,6.56,10.68
synchronized_latency,1077,1,hipblaslt,10.24,7.88
synchronized_latency,1078,1,fe2o3,6.48,7.84
synchronized_latency,1079,1,hipblaslt,8.8,7.92
synchronized_latency,1080,1,fe2o3,6.44,7.96
synchronized_latency,1081,1,hipblaslt,6.44,7.88
synchronized_latency,1082,1,fe2o3,6.4,8.32
synchronized_latency,1083,1,hipblaslt,6.6,8.12
synchronized_latency,1084,1,fe2o3,6.36,7.84
synchronized_latency,1085,1,hipblaslt,6.48,7.84
synchronized_latency,1086,1,fe2o3,6.56,8.12
synchronized_latency,1087,1,hipblaslt,6.48,7.96
synchronized_latency,1088,1,fe2o3,6.4,8.04
synchronized_latency,1089,1,hipblaslt,6.48,7.88
synchronized_latency,1090,1,fe2o3,6.4,7.96
synchronized_latency,1091,1,hipblaslt,6.4,8.16
synchronized_latency,1092,1,fe2o3,6.52,8.12
synchronized_latency,1093,1,hipblaslt,6.48,7.96
synchronized_latency,1094,1,fe2o3,6.48,8.28
synchronized_latency,1095,1,hipblaslt,6.6,8.16
synchronized_latency,1096,1,fe2o3,6.36,8
synchronized_latency,1097,1,hipblaslt,6.4,8.081
synchronized_latency,1098,1,fe2o3,6.48,7.8
synchronized_latency,1099,1,hipblaslt,6.4,7.84
synchronized_latency,1100,1,fe2o3,6.4,8.04
synchronized_latency,1101,1,hipblaslt,6.36,8.16
synchronized_latency,1102,1,fe2o3,6.48,8.2
synchronized_latency,1103,1,hipblaslt,8.8,8.12
synchronized_latency,1104,1,fe2o3,6.48,9.2
synchronized_latency,1105,1,hipblaslt,6.4,7.88
synchronized_latency,1106,1,fe2o3,6.48,7.96
synchronized_latency,1107,1,hipblaslt,7.12,8.64
synchronized_latency,1108,1,fe2o3,6.4,7.84
synchronized_latency,1109,1,hipblaslt,6.48,7.96
synchronized_latency,1110,1,fe2o3,6.56,7.92
synchronized_latency,1111,1,hipblaslt,6.48,7.88
synchronized_latency,1112,1,fe2o3,6.44,7.92
synchronized_latency,1113,1,hipblaslt,6.48,7.88
synchronized_latency,1114,1,fe2o3,6.44,7.92
synchronized_latency,1115,1,hipblaslt,6.56,7.76
synchronized_latency,1116,1,fe2o3,6.6,7.96
synchronized_latency,1117,1,hipblaslt,6.32,7.76
synchronized_latency,1118,1,fe2o3,6.44,7.76
synchronized_latency,1119,1,hipblaslt,6.36,7.88
synchronized_latency,1120,1,fe2o3,6.44,7.84
synchronized_latency,1121,1,hipblaslt,6.36,8
synchronized_latency,1122,1,fe2o3,6.44,7.88
synchronized_latency,1123,1,hipblaslt,6.44,7.68
synchronized_latency,1124,1,fe2o3,6.4,7.76
synchronized_latency,1125,1,hipblaslt,6.36,7.88
synchronized_latency,1126,1,fe2o3,6.44,7.88
synchronized_latency,1127,1,hipblaslt,6.52,8.16
synchronized_latency,1128,1,fe2o3,6.48,8.04
synchronized_latency,1129,1,hipblaslt,6.4,7.76
synchronized_latency,1130,1,fe2o3,6.52,8.041
synchronized_latency,1131,1,hipblaslt,6.48,10.84
synchronized_latency,1132,1,fe2o3,6.52,10.88
synchronized_latency,1133,1,hipblaslt,6.48,7.84
synchronized_latency,1134,1,fe2o3,6.48,8.2
synchronized_latency,1135,1,hipblaslt,6.48,8.96
synchronized_latency,1136,1,fe2o3,6.52,7.84
synchronized_latency,1137,1,hipblaslt,6.36,8.12
synchronized_latency,1138,1,fe2o3,6.44,7.92
synchronized_latency,1139,1,hipblaslt,6.56,7.64
synchronized_latency,1140,1,fe2o3,6.4,7.92
synchronized_latency,1141,1,hipblaslt,6.52,7.8
synchronized_latency,1142,1,fe2o3,6.36,7.92
synchronized_latency,1143,1,hipblaslt,6.4,7.96
synchronized_latency,1144,1,fe2o3,6.36,8.04
synchronized_latency,1145,1,hipblaslt,6.48,8.08
synchronized_latency,1146,1,fe2o3,6.44,8.24
synchronized_latency,1147,1,hipblaslt,6.4,8.24
synchronized_latency,1148,1,fe2o3,6.52,7.92
synchronized_latency,1149,1,hipblaslt,6.48,7.88
synchronized_latency,1150,1,fe2o3,6.52,7.92
synchronized_latency,1151,1,hipblaslt,6.52,8.08
synchronized_latency,1152,1,fe2o3,6.52,7.92
synchronized_latency,1153,1,hipblaslt,6.56,7.96
synchronized_latency,1154,1,fe2o3,6.52,7.84
synchronized_latency,1155,1,hipblaslt,6.48,7.88
synchronized_latency,1156,1,fe2o3,6.48,7.8
synchronized_latency,1157,1,hipblaslt,6.48,7.8
synchronized_latency,1158,1,fe2o3,6.48,12.88
synchronized_latency,1159,1,hipblaslt,6.52,7.92
synchronized_latency,1160,1,fe2o3,6.68,7.72
synchronized_latency,1161,1,hipblaslt,6.44,7.96
synchronized_latency,1162,1,fe2o3,7.32,8.36
synchronized_latency,1163,1,hipblaslt,6.361,7.76
synchronized_latency,1164,1,fe2o3,6.52,7.76
synchronized_latency,1165,1,hipblaslt,6.36,7.8
synchronized_latency,1166,1,fe2o3,6.44,7.96
synchronized_latency,1167,1,hipblaslt,6.48,7.88
synchronized_latency,1168,1,fe2o3,6.48,13.24
synchronized_latency,1169,1,hipblaslt,6.52,12.12
synchronized_latency,1170,1,fe2o3,6.76,7.76
synchronized_latency,1171,1,hipblaslt,17.48,8
synchronized_latency,1172,1,fe2o3,7.36,7.84
synchronized_latency,1173,1,hipblaslt,6.4,8.72
synchronized_latency,1174,1,fe2o3,7.64,7.84
synchronized_latency,1175,1,hipblaslt,8.88,12.24
synchronized_latency,1176,1,fe2o3,6.8,7.76
synchronized_latency,1177,1,hipblaslt,6.28,20.68
synchronized_latency,1178,1,fe2o3,10.68,7.84
synchronized_latency,1179,1,hipblaslt,17.08,10.84
synchronized_latency,1180,1,fe2o3,8.16,7.76
synchronized_latency,1181,1,hipblaslt,59.241,8.28
synchronized_latency,1182,1,fe2o3,6.48,8.44
synchronized_latency,1183,1,hipblaslt,6.4,8.6
synchronized_latency,1184,1,fe2o3,10.2,10.08
synchronized_latency,1185,1,hipblaslt,6.48,8.88
synchronized_latency,1186,1,fe2o3,8.64,8.2
synchronized_latency,1187,1,hipblaslt,7.84,8.92
synchronized_latency,1188,1,fe2o3,9.64,8.04
synchronized_latency,1189,1,hipblaslt,6.44,8.64
synchronized_latency,1190,1,fe2o3,8.48,8.12
synchronized_latency,1191,1,hipblaslt,14.44,9.88
synchronized_latency,1192,1,fe2o3,13.12,8.04
synchronized_latency,1193,1,hipblaslt,6.36,24.56
synchronized_latency,1194,1,fe2o3,9.28,8
synchronized_latency,1195,1,hipblaslt,7.28,27
synchronized_latency,1196,1,fe2o3,7.68,8.56
synchronized_latency,1197,1,hipblaslt,7.84,15.521
synchronized_latency,1198,1,fe2o3,16.2,11.44
synchronized_latency,1199,1,hipblaslt,6.56,12
synchronized_latency,1200,1,fe2o3,8.2,9.8
synchronized_latency,1201,1,hipblaslt,10.44,17.52
synchronized_latency,1202,1,fe2o3,7.8,9.08
synchronized_latency,1203,1,hipblaslt,6.4,11.96
synchronized_latency,1204,1,fe2o3,8.76,7.801
synchronized_latency,1205,1,hipblaslt,6.6,18.24
synchronized_latency,1206,1,fe2o3,8.76,11.28
synchronized_latency,1207,1,hipblaslt,8.72,12.48
synchronized_latency,1208,1,fe2o3,8.16,7.84
synchronized_latency,1209,1,hipblaslt,6.6,15.92
synchronized_latency,1210,1,fe2o3,7.96,7.76
synchronized_latency,1211,1,hipblaslt,6.76,9.4
synchronized_latency,1212,1,fe2o3,8.44,12.72
synchronized_latency,1213,1,hipblaslt,6.4,18.64
synchronized_latency,1214,1,fe2o3,12,11.92
synchronized_latency,1215,1,hipblaslt,21.88,12.88
synchronized_latency,1216,1,fe2o3,9.04,14.08
synchronized_latency,1217,1,hipblaslt,7.8,16.44
synchronized_latency,1218,1,fe2o3,8.84,15.52
synchronized_latency,1219,1,hipblaslt,10.001,12.88
synchronized_latency,1220,1,fe2o3,9.68,13.64
synchronized_latency,1221,1,hipblaslt,10.44,21.8
synchronized_latency,1222,1,fe2o3,11.04,17.48
synchronized_latency,1223,1,hipblaslt,13.68,11.52
synchronized_latency,1224,1,fe2o3,6.68,8.04
synchronized_latency,1225,1,hipblaslt,6.8,8.04
synchronized_latency,1226,1,fe2o3,6.48,8.04
synchronized_latency,1227,1,hipblaslt,6.48,8.12
synchronized_latency,1228,1,fe2o3,6.4,7.96
synchronized_latency,1229,1,hipblaslt,6.4,7.72
synchronized_latency,1230,1,fe2o3,6.44,7.88
synchronized_latency,1231,1,hipblaslt,6.52,7.92
synchronized_latency,1232,1,fe2o3,6.4,7.84
synchronized_latency,1233,1,hipblaslt,6.48,7.76
synchronized_latency,1234,1,fe2o3,6.48,7.88
synchronized_latency,1235,1,hipblaslt,6.4,7.92
synchronized_latency,1236,1,fe2o3,6.52,7.88
synchronized_latency,1237,1,hipblaslt,6.4,7.96
synchronized_latency,1238,1,fe2o3,6.36,7.88
synchronized_latency,1239,1,hipblaslt,6.52,7.88
synchronized_latency,1240,1,fe2o3,7.04,7.92
synchronized_latency,1241,1,hipblaslt,6.44,7.76
synchronized_latency,1242,1,fe2o3,6.44,7.64
synchronized_latency,1243,1,hipblaslt,6.44,11.28
synchronized_latency,1244,1,fe2o3,6.4,8.6
synchronized_latency,1245,1,hipblaslt,6.6,7.88
synchronized_latency,1246,1,fe2o3,6.32,8.64
synchronized_latency,1247,1,hipblaslt,6.36,7.64
synchronized_latency,1248,1,fe2o3,6.36,7.76
synchronized_latency,1249,1,hipblaslt,6.401,7.72
synchronized_latency,1250,1,fe2o3,6.36,8.04
synchronized_latency,1251,1,hipblaslt,6.48,8
synchronized_latency,1252,1,fe2o3,6.36,8.12
synchronized_latency,1253,1,hipblaslt,6.48,7.88
synchronized_latency,1254,1,fe2o3,6.4,8
synchronized_latency,1255,1,hipblaslt,6.48,8
synchronized_latency,1256,1,fe2o3,6.44,7.92
synchronized_latency,1257,1,hipblaslt,6.48,8.04
synchronized_latency,1258,1,fe2o3,6.44,8.08
synchronized_latency,1259,1,hipblaslt,6.48,8.08
synchronized_latency,1260,1,fe2o3,6.44,8.121
synchronized_latency,1261,1,hipblaslt,6.44,7.84
synchronized_latency,1262,1,fe2o3,6.44,7.92
synchronized_latency,1263,1,hipblaslt,6.32,7.92
synchronized_latency,1264,1,fe2o3,6.48,7.84
synchronized_latency,1265,1,hipblaslt,6.44,7.8
synchronized_latency,1266,1,fe2o3,6.52,7.84
synchronized_latency,1267,1,hipblaslt,6.44,7.84
synchronized_latency,1268,1,fe2o3,6.6,7.8
synchronized_latency,1269,1,hipblaslt,6.6,7.92
synchronized_latency,1270,1,fe2o3,6.32,8.64
synchronized_latency,1271,1,hipblaslt,8.881,7.84
synchronized_latency,1272,1,fe2o3,6.52,7.8
synchronized_latency,1273,1,hipblaslt,6.6,7.88
synchronized_latency,1274,1,fe2o3,7.08,9.6
synchronized_latency,1275,1,hipblaslt,6.4,8
synchronized_latency,1276,1,fe2o3,6.56,7.92
synchronized_latency,1277,1,hipblaslt,6.44,7.92
synchronized_latency,1278,1,fe2o3,6.4,8
synchronized_latency,1279,1,hipblaslt,6.96,7.72
synchronized_latency,1280,1,fe2o3,6.52,7.76
synchronized_latency,1281,1,hipblaslt,6.48,7.96
synchronized_latency,1282,1,fe2o3,6.32,7.96
synchronized_latency,1283,1,hipblaslt,6.4,7.76
synchronized_latency,1284,1,fe2o3,6.36,8.12
synchronized_latency,1285,1,hipblaslt,6.36,7.76
synchronized_latency,1286,1,fe2o3,6.36,7.88
synchronized_latency,1287,1,hipblaslt,6.44,7.84
synchronized_latency,1288,1,fe2o3,6.4,7.88
synchronized_latency,1289,1,hipblaslt,6.48,7.8
synchronized_latency,1290,1,fe2o3,6.44,8.04
synchronized_latency,1291,1,hipblaslt,6.52,7.96
synchronized_latency,1292,1,fe2o3,6.44,7.84
synchronized_latency,1293,1,hipblaslt,6.601,8.04
synchronized_latency,1294,1,fe2o3,6.36,8.2
synchronized_latency,1295,1,hipblaslt,6.4,7.92
synchronized_latency,1296,1,fe2o3,6.44,7.96
synchronized_latency,1297,1,hipblaslt,9.92,7.92
synchronized_latency,1298,1,fe2o3,6.48,7.84
synchronized_latency,1299,1,hipblaslt,6.48,8
synchronized_latency,1300,1,fe2o3,6.52,7.96
synchronized_latency,1301,1,hipblaslt,7.12,7.92
synchronized_latency,1302,1,fe2o3,6.4,8.12
synchronized_latency,1303,1,hipblaslt,6.48,7.8
synchronized_latency,1304,1,fe2o3,6.44,7.721
synchronized_latency,1305,1,hipblaslt,6.36,7.72
synchronized_latency,1306,1,fe2o3,6.44,7.84
synchronized_latency,1307,1,hipblaslt,6.52,7.68
synchronized_latency,1308,1,fe2o3,6.44,7.88
synchronized_latency,1309,1,hipblaslt,6.48,7.8
synchronized_latency,1310,1,fe2o3,6.44,7.76
synchronized_latency,1311,1,hipblaslt,6.44,7.84
synchronized_latency,1312,1,fe2o3,6.48,7.92
synchronized_latency,1313,1,hipblaslt,6.4,7.76
synchronized_latency,1314,1,fe2o3,6.48,7.8
synchronized_latency,1315,1,hipblaslt,6.52,7.72
synchronized_latency,1316,1,fe2o3,6.52,7.8
synchronized_latency,1317,1,hipblaslt,6.6,7.88
synchronized_latency,1318,1,fe2o3,6.52,7.88
synchronized_latency,1319,1,hipblaslt,6.4,7.88
synchronized_latency,1320,1,fe2o3,6.48,7.96
synchronized_latency,1321,1,hipblaslt,6.36,7.88
synchronized_latency,1322,1,fe2o3,6.44,7.76
synchronized_latency,1323,1,hipblaslt,6.36,7.84
synchronized_latency,1324,1,fe2o3,6.4,7.88
synchronized_latency,1325,1,hipblaslt,6.36,13.92
synchronized_latency,1326,1,fe2o3,6.48,7.88
synchronized_latency,1327,1,hipblaslt,6.56,7.84
synchronized_latency,1328,1,fe2o3,6.4,7.92
synchronized_latency,1329,1,hipblaslt,6.32,11.04
synchronized_latency,1330,1,fe2o3,6.44,7.68
synchronized_latency,1331,1,hipblaslt,6.64,7.6
synchronized_latency,1332,1,fe2o3,6.56,7.88
synchronized_latency,1333,1,hipblaslt,6.48,7.88
synchronized_latency,1334,1,fe2o3,6.44,7.88
synchronized_latency,1335,1,hipblaslt,11.68,7.8
synchronized_latency,1336,1,fe2o3,6.48,11.08
synchronized_latency,1337,1,hipblaslt,6.4,11.96
synchronized_latency,1338,1,fe2o3,6.48,8.12
synchronized_latency,1339,1,hipblaslt,6.4,22.32
synchronized_latency,1340,1,fe2o3,6.48,7.88
synchronized_latency,1341,1,hipblaslt,6.44,8.08
synchronized_latency,1342,1,fe2o3,8.52,31.44
synchronized_latency,1343,1,hipblaslt,6.52,11.16
synchronized_latency,1344,1,fe2o3,6.44,8
synchronized_latency,1345,1,hipblaslt,6.6,8.6
synchronized_latency,1346,1,fe2o3,6.321,7.92
synchronized_latency,1347,1,hipblaslt,6.44,9.72
synchronized_latency,1348,1,fe2o3,6.36,7.84
synchronized_latency,1349,1,hipblaslt,6.56,11.28
synchronized_latency,1350,1,fe2o3,9.76,8.68
synchronized_latency,1351,1,hipblaslt,6.48,12.72
synchronized_latency,1352,1,fe2o3,6.4,7.8
synchronized_latency,1353,1,hipblaslt,6.4,8.56
synchronized_latency,1354,1,fe2o3,7.36,8.48
synchronized_latency,1355,1,hipblaslt,6.68,8.4
synchronized_latency,1356,1,fe2o3,10.16,7.76
synchronized_latency,1357,1,hipblaslt,6.88,9.24
synchronized_latency,1358,1,fe2o3,13.68,12.48
synchronized_latency,1359,1,hipblaslt,6.28,18.72
synchronized_latency,1360,1,fe2o3,7.92,11.12
synchronized_latency,1361,1,hipblaslt,7.76,11.321
synchronized_latency,1362,1,fe2o3,6.48,8.04
synchronized_latency,1363,1,hipblaslt,13.48,18.32
synchronized_latency,1364,1,fe2o3,6.32,8.12
synchronized_latency,1365,1,hipblaslt,6.56,18.32
synchronized_latency,1366,1,fe2o3,8.76,7.76
synchronized_latency,1367,1,hipblaslt,7.28,11.96
synchronized_latency,1368,1,fe2o3,6.52,7.92
synchronized_latency,1369,1,hipblaslt,6.52,15.52
synchronized_latency,1370,1,fe2o3,6.32,8.24
synchronized_latency,1371,1,hipblaslt,8.8,12.08
synchronized_latency,1372,1,fe2o3,7.4,11.04
synchronized_latency,1373,1,hipblaslt,6.44,12.2
synchronized_latency,1374,1,fe2o3,8.56,8.08
synchronized_latency,1375,1,hipblaslt,7.48,20.72
synchronized_latency,1376,1,fe2o3,6.48,17.041
synchronized_latency,1377,1,hipblaslt,6.48,8.88
synchronized_latency,1378,1,fe2o3,6.48,9.04
synchronized_latency,1379,1,hipblaslt,8.68,14.04
synchronized_latency,1380,1,fe2o3,6.48,7.76
synchronized_latency,1381,1,hipblaslt,6.56,18.56
synchronized_latency,1382,1,fe2o3,8.76,7.8
synchronized_latency,1383,1,hipblaslt,6.4,24.96
synchronized_latency,1384,1,fe2o3,6.48,14.08
synchronized_latency,1385,1,hipblaslt,7.8,8.4
synchronized_latency,1386,1,fe2o3,6.4,7.8
synchronized_latency,1387,1,hipblaslt,6.32,10.68
synchronized_latency,1388,1,fe2o3,16.56,15.04
synchronized_latency,1389,1,hipblaslt,6.48,17.4
synchronized_latency,1390,1,fe2o3,8.84,11.2
synchronized_latency,1391,1,hipblaslt,6.52,7.92
synchronized_latency,1392,1,fe2o3,6.4,7.92
synchronized_latency,1393,1,hipblaslt,6.56,8.04
synchronized_latency,1394,1,fe2o3,6.52,8.12
synchronized_latency,1395,1,hipblaslt,6.4,7.84
synchronized_latency,1396,1,fe2o3,6.48,7.84
synchronized_latency,1397,1,hipblaslt,6.4,7.72
synchronized_latency,1398,1,fe2o3,6.48,7.84
synchronized_latency,1399,1,hipblaslt,6.36,7.84
synchronized_latency,1400,1,fe2o3,6.48,8.2
synchronized_latency,1401,1,hipblaslt,6.56,7.96
synchronized_latency,1402,1,fe2o3,6.36,8.24
synchronized_latency,1403,1,hipblaslt,6.36,8.08
synchronized_latency,1404,1,fe2o3,6.4,8.24
synchronized_latency,1405,1,hipblaslt,6.4,7.88
synchronized_latency,1406,1,fe2o3,6.36,7.84
synchronized_latency,1407,1,hipblaslt,6.56,8.24
synchronized_latency,1408,1,fe2o3,6.52,8.2
synchronized_latency,1409,1,hipblaslt,6.4,7.92
synchronized_latency,1410,1,fe2o3,6.4,7.84
synchronized_latency,1411,1,hipblaslt,7.28,11.2
synchronized_latency,1412,1,fe2o3,6.48,10.44
synchronized_latency,1413,1,hipblaslt,6.36,8.16
synchronized_latency,1414,1,fe2o3,6.361,8.24
synchronized_latency,1415,1,hipblaslt,6.52,12.36
synchronized_latency,1416,1,fe2o3,6.48,8.12
synchronized_latency,1417,1,hipblaslt,6.56,8.04
synchronized_latency,1418,1,fe2o3,6.36,8.2
synchronized_latency,1419,1,hipblaslt,6.48,7.84
synchronized_latency,1420,1,fe2o3,6.36,8.04
synchronized_latency,1421,1,hipblaslt,6.48,7.6
synchronized_latency,1422,1,fe2o3,8.6,8
synchronized_latency,1423,1,hipblaslt,6.44,7.64
synchronized_latency,1424,1,fe2o3,6.52,7.84
synchronized_latency,1425,1,hipblaslt,6.36,7.76
synchronized_latency,1426,1,fe2o3,6.36,7.88
synchronized_latency,1427,1,hipblaslt,6.4,7.8
synchronized_latency,1428,1,fe2o3,6.52,7.88
synchronized_latency,1429,1,hipblaslt,6.44,7.88
synchronized_latency,1430,1,fe2o3,6.48,7.8
synchronized_latency,1431,1,hipblaslt,6.48,7.84
synchronized_latency,1432,1,fe2o3,6.48,7.88
synchronized_latency,1433,1,hipblaslt,6.56,7.76
synchronized_latency,1434,1,fe2o3,6.48,7.96
synchronized_latency,1435,1,hipblaslt,6.48,7.76
synchronized_latency,1436,1,fe2o3,6.48,7.84
synchronized_latency,1437,1,hipblaslt,6.48,7.84
synchronized_latency,1438,1,fe2o3,8.88,11.52
synchronized_latency,1439,1,hipblaslt,7.28,7.88
synchronized_latency,1440,1,fe2o3,6.56,8.08
synchronized_latency,1441,1,hipblaslt,9.2,7.96
synchronized_latency,1442,1,fe2o3,7.12,8
synchronized_latency,1443,1,hipblaslt,6.36,7.64
synchronized_latency,1444,1,fe2o3,6.6,8.04
synchronized_latency,1445,1,hipblaslt,6.32,7.92
synchronized_latency,1446,1,fe2o3,6.56,7.96
synchronized_latency,1447,1,hipblaslt,6.4,7.8
synchronized_latency,1448,1,fe2o3,6.4,8.04
synchronized_latency,1449,1,hipblaslt,6.52,11
synchronized_latency,1450,1,fe2o3,6.52,7.92
synchronized_latency,1451,1,hipblaslt,6.321,7.8
synchronized_latency,1452,1,fe2o3,6.48,8
synchronized_latency,1453,1,hipblaslt,6.48,8.12
synchronized_latency,1454,1,fe2o3,6.52,7.96
synchronized_latency,1455,1,hipblaslt,6.6,7.88
synchronized_latency,1456,1,fe2o3,6.36,7.96
synchronized_latency,1457,1,hipblaslt,6.48,7.92
synchronized_latency,1458,1,fe2o3,6.56,7.92
synchronized_latency,1459,1,hipblaslt,6.48,7.8
synchronized_latency,1460,1,fe2o3,6.48,8.24
synchronized_latency,1461,1,hipblaslt,6.44,8.24
synchronized_latency,1462,1,fe2o3,6.48,7.92
synchronized_latency,1463,1,hipblaslt,6.4,8.16
synchronized_latency,1464,1,fe2o3,6.32,7.88
synchronized_latency,1465,1,hipblaslt,6.52,11.08
synchronized_latency,1466,1,fe2o3,6.48,8.52
synchronized_latency,1467,1,hipblaslt,6.6,7.68
synchronized_latency,1468,1,fe2o3,6.52,9.28
synchronized_latency,1469,1,hipblaslt,6.6,8.16
synchronized_latency,1470,1,fe2o3,6.48,7.8
synchronized_latency,1471,1,hipblaslt,6.64,7.76
synchronized_latency,1472,1,fe2o3,6.64,7.8
synchronized_latency,1473,1,hipblaslt,6.4,8
synchronized_latency,1474,1,fe2o3,7.12,7.88
synchronized_latency,1475,1,hipblaslt,6.56,7.84
synchronized_latency,1476,1,fe2o3,6.48,7.88
synchronized_latency,1477,1,hipblaslt,6.44,7.88
synchronized_latency,1478,1,fe2o3,6.44,7.72
synchronized_latency,1479,1,hipblaslt,6.48,7.64
synchronized_latency,1480,1,fe2o3,6.4,7.84
synchronized_latency,1481,1,hipblaslt,6.56,7.8
synchronized_latency,1482,1,fe2o3,6.52,8
synchronized_latency,1483,1,hipblaslt,6.4,7.88
synchronized_latency,1484,1,fe2o3,6.52,7.88
synchronized_latency,1485,1,hipblaslt,6.4,7.76
synchronized_latency,1486,1,fe2o3,6.48,7.92
synchronized_latency,1487,1,hipblaslt,6.48,7.84
synchronized_latency,1488,1,fe2o3,6.52,7.92
synchronized_latency,1489,1,hipblaslt,6.44,7.68
synchronized_latency,1490,1,fe2o3,6.4,7.8
synchronized_latency,1491,1,hipblaslt,6.44,7.96
synchronized_latency,1492,1,fe2o3,6.52,10.72
synchronized_latency,1493,1,hipblaslt,6.4,7.92
synchronized_latency,1494,1,fe2o3,6.48,7.92
synchronized_latency,1495,1,hipblaslt,7.48,7.72
synchronized_latency,1496,1,fe2o3,7.12,8.64
synchronized_latency,1497,1,hipblaslt,6.48,7.92
synchronized_latency,1498,1,fe2o3,6.4,8.16
synchronized_latency,1499,1,hipblaslt,6.6,8.04
synchronized_latency,1500,1,fe2o3,6.48,8.2
synchronized_latency,1501,1,hipblaslt,6.441,7.92
synchronized_latency,1502,1,fe2o3,6.8,13.28
synchronized_latency,1503,1,hipblaslt,6.48,11.32
synchronized_latency,1504,1,fe2o3,6.52,12.36
synchronized_latency,1505,1,hipblaslt,6.44,19.52
synchronized_latency,1506,1,fe2o3,6.52,8.12
synchronized_latency,1507,1,hipblaslt,6.48,8.12
synchronized_latency,1508,1,fe2o3,6.4,39.56
synchronized_latency,1509,1,hipblaslt,8.56,8.04
synchronized_latency,1510,1,fe2o3,6.32,7.88
synchronized_latency,1511,1,hipblaslt,6.36,8.28
synchronized_latency,1512,1,fe2o3,6.44,8.12
synchronized_latency,1513,1,hipblaslt,6.4,9.16
synchronized_latency,1514,1,fe2o3,6.36,8.2
synchronized_latency,1515,1,hipblaslt,11.28,8.12
synchronized_latency,1516,1,fe2o3,6.52,66.201
synchronized_latency,1517,1,hipblaslt,7.12,12.56
synchronized_latency,1518,1,fe2o3,6.56,7.76
synchronized_latency,1519,1,hipblaslt,11.72,8.64
synchronized_latency,1520,1,fe2o3,7.88,12
synchronized_latency,1521,1,hipblaslt,10.28,15.2
synchronized_latency,1522,1,fe2o3,8.76,13.76
synchronized_latency,1523,1,hipblaslt,11.16,7.72
synchronized_latency,1524,1,fe2o3,8.72,15.64
synchronized_latency,1525,1,hipblaslt,9.6,7.72
synchronized_latency,1526,1,fe2o3,6.44,11.24
synchronized_latency,1527,1,hipblaslt,11.04,11.52
synchronized_latency,1528,1,fe2o3,9.04,13.04
synchronized_latency,1529,1,hipblaslt,6.401,12.36
synchronized_latency,1530,1,fe2o3,6.48,18.04
synchronized_latency,1531,1,hipblaslt,6.52,11.4
synchronized_latency,1532,1,fe2o3,6.56,7.8
synchronized_latency,1533,1,hipblaslt,11.56,13.36
synchronized_latency,1534,1,fe2o3,6.4,12.48
synchronized_latency,1535,1,hipblaslt,7.44,11.72
synchronized_latency,1536,1,fe2o3,9.8,7.92
synchronized_latency,1537,1,hipblaslt,7.56,16.28
synchronized_latency,1538,1,fe2o3,6.44,7.88
synchronized_latency,1539,1,hipblaslt,6.56,7.88
synchronized_latency,1540,1,fe2o3,8.2,15.56
synchronized_latency,1541,1,hipblaslt,9.32,13.8
synchronized_latency,1542,1,fe2o3,7.64,11.44
synchronized_latency,1543,1,hipblaslt,7.76,15.28
synchronized_latency,1544,1,fe2o3,7.96,11.76
synchronized_latency,1545,1,hipblaslt,6.44,11.28
synchronized_latency,1546,1,fe2o3,8.12,11.48
synchronized_latency,1547,1,hipblaslt,6.48,7.92
synchronized_latency,1548,1,fe2o3,7.2,14.08
synchronized_latency,1549,1,hipblaslt,8.56,11.2
synchronized_latency,1550,1,fe2o3,6.88,16.601
synchronized_latency,1551,1,hipblaslt,6.36,8.28
synchronized_latency,1552,1,fe2o3,6.48,10.36
synchronized_latency,1553,1,hipblaslt,7.84,8.16
synchronized_latency,1554,1,fe2o3,8.84,11.08
synchronized_latency,1555,1,hipblaslt,7.12,21.24
synchronized_latency,1556,1,fe2o3,6.36,8.12
synchronized_latency,1557,1,hipblaslt,6.36,8.32
synchronized_latency,1558,1,fe2o3,6.4,7.96
synchronized_latency,1559,1,hipblaslt,9.8,8.04
synchronized_latency,1560,1,fe2o3,7.12,7.64
synchronized_latency,1561,1,hipblaslt,6.52,8
synchronized_latency,1562,1,fe2o3,6.48,7.88
synchronized_latency,1563,1,hipblaslt,6.48,7.84
synchronized_latency,1564,1,fe2o3,6.6,7.84
synchronized_latency,1565,1,hipblaslt,6.44,7.96
synchronized_latency,1566,1,fe2o3,6.32,7.84
synchronized_latency,1567,1,hipblaslt,6.48,7.92
synchronized_latency,1568,1,fe2o3,6.36,7.88
synchronized_latency,1569,1,hipblaslt,6.48,7.68
synchronized_latency,1570,1,fe2o3,6.52,7.88
synchronized_latency,1571,1,hipblaslt,6.4,7.72
synchronized_latency,1572,1,fe2o3,6.48,7.76
synchronized_latency,1573,1,hipblaslt,6.4,7.92
synchronized_latency,1574,1,fe2o3,6.36,7.8
synchronized_latency,1575,1,hipblaslt,6.4,7.72
synchronized_latency,1576,1,fe2o3,6.56,7.84
synchronized_latency,1577,1,hipblaslt,9.88,7.8
synchronized_latency,1578,1,fe2o3,6.4,8.04
synchronized_latency,1579,1,hipblaslt,6.48,7.92
synchronized_latency,1580,1,fe2o3,6.48,7.84
synchronized_latency,1581,1,hipblaslt,7.12,8.68
synchronized_latency,1582,1,fe2o3,6.48,7.96
synchronized_latency,1583,1,hipblaslt,6.36,8.24
synchronized_latency,1584,1,fe2o3,6.4,7.96
synchronized_latency,1585,1,hipblaslt,6.32,7.92
synchronized_latency,1586,1,fe2o3,6.52,7.96
synchronized_latency,1587,1,hipblaslt,6.36,8
synchronized_latency,1588,1,fe2o3,6.52,11.12
synchronized_latency,1589,1,hipblaslt,6.4,8.2
synchronized_latency,1590,1,fe2o3,6.44,8.2
synchronized_latency,1591,1,hipblaslt,6.44,8.12
synchronized_latency,1592,1,fe2o3,6.36,7.92
synchronized_latency,1593,1,hipblaslt,6.56,7.84
synchronized_latency,1594,1,fe2o3,6.48,8
synchronized_latency,1595,1,hipblaslt,6.44,7.8
synchronized_latency,1596,1,fe2o3,6.4,7.88
synchronized_latency,1597,1,hipblaslt,6.36,7.88
synchronized_latency,1598,1,fe2o3,6.4,7.92
synchronized_latency,1599,1,hipblaslt,6.36,7.76
synchronized_latency,1600,1,fe2o3,6.56,7.8
synchronized_latency,1601,1,hipblaslt,6.6,7.84
synchronized_latency,1602,1,fe2o3,6.36,7.88
synchronized_latency,1603,1,hipblaslt,6.4,8
synchronized_latency,1604,1,fe2o3,6.56,11.28
synchronized_latency,1605,1,hipblaslt,6.56,7.84
synchronized_latency,1606,1,fe2o3,6.48,7.761
synchronized_latency,1607,1,hipblaslt,6.44,7.8
synchronized_latency,1608,1,fe2o3,8.72,8.2
synchronized_latency,1609,1,hipblaslt,6.52,7.64
synchronized_latency,1610,1,fe2o3,6.48,7.96
synchronized_latency,1611,1,hipblaslt,6.4,8.64
synchronized_latency,1612,1,fe2o3,6.36,7.8
synchronized_latency,1613,1,hipblaslt,7.52,7.8
synchronized_latency,1614,1,fe2o3,6.4,8.04
synchronized_latency,1615,1,hipblaslt,6.4,7.84
synchronized_latency,1616,1,fe2o3,6.44,7.84
synchronized_latency,1617,1,hipblaslt,6.44,7.8
synchronized_latency,1618,1,fe2o3,6.48,8.04
synchronized_latency,1619,1,hipblaslt,6.52,8
synchronized_latency,1620,1,fe2o3,6.48,7.84
synchronized_latency,1621,1,hipblaslt,6.48,7.92
synchronized_latency,1622,1,fe2o3,6.52,7.84
synchronized_latency,1623,1,hipblaslt,6.52,7.84
synchronized_latency,1624,1,fe2o3,6.48,7.92
synchronized_latency,1625,1,hipblaslt,6.52,7.96
synchronized_latency,1626,1,fe2o3,6.52,7.881
synchronized_latency,1627,1,hipblaslt,6.48,7.88
synchronized_latency,1628,1,fe2o3,6.52,8.24
synchronized_latency,1629,1,hipblaslt,6.6,7.96
synchronized_latency,1630,1,fe2o3,6.48,7.92
synchronized_latency,1631,1,hipblaslt,6.44,8.2
synchronized_latency,1632,1,fe2o3,8.36,8.12
synchronized_latency,1633,1,hipblaslt,6.36,11
synchronized_latency,1634,1,fe2o3,6.36,7.92
synchronized_latency,1635,1,hipblaslt,7.12,9.56
synchronized_latency,1636,1,fe2o3,6.36,7.84
synchronized_latency,1637,1,hipblaslt,6.32,7.84
synchronized_latency,1638,1,fe2o3,6.48,7.96
synchronized_latency,1639,1,hipblaslt,6.44,7.8
synchronized_latency,1640,1,fe2o3,6.4,8.4
synchronized_latency,1641,1,hipblaslt,6.4,7.72
synchronized_latency,1642,1,fe2o3,6.4,7.84
synchronized_latency,1643,1,hipblaslt,6.44,7.72
synchronized_latency,1644,1,fe2o3,6.6,7.76
synchronized_latency,1645,1,hipblaslt,6.48,7.96
synchronized_latency,1646,1,fe2o3,6.6,7.76
synchronized_latency,1647,1,hipblaslt,6.48,7.8
synchronized_latency,1648,1,fe2o3,6.48,7.76
synchronized_latency,1649,1,hipblaslt,6.56,7.72
synchronized_latency,1650,1,fe2o3,6.56,7.84
synchronized_latency,1651,1,hipblaslt,6.48,7.84
synchronized_latency,1652,1,fe2o3,6.44,8
synchronized_latency,1653,1,hipblaslt,6.44,7.76
synchronized_latency,1654,1,fe2o3,6.4,7.8
synchronized_latency,1655,1,hipblaslt,6.36,7.92
synchronized_latency,1656,1,fe2o3,6.44,8.081
synchronized_latency,1657,1,hipblaslt,6.48,7.88
synchronized_latency,1658,1,fe2o3,6.64,7.96
synchronized_latency,1659,1,hipblaslt,6.48,12.32
synchronized_latency,1660,1,fe2o3,6.36,7.8
synchronized_latency,1661,1,hipblaslt,6.52,7.96
synchronized_latency,1662,1,fe2o3,6.36,11.28
synchronized_latency,1663,1,hipblaslt,6.48,8.04
synchronized_latency,1664,1,fe2o3,6.4,8.12
synchronized_latency,1665,1,hipblaslt,6.56,8.08
synchronized_latency,1666,1,fe2o3,6.44,8
synchronized_latency,1667,1,hipblaslt,7.08,7.68
synchronized_latency,1668,1,fe2o3,6.48,7.88
synchronized_latency,1669,1,hipblaslt,11.76,7.76
synchronized_latency,1670,1,fe2o3,6.4,11.48
synchronized_latency,1671,1,hipblaslt,6.48,7.8
synchronized_latency,1672,1,fe2o3,6.6,7.84
synchronized_latency,1673,1,hipblaslt,6.6,7.84
synchronized_latency,1674,1,fe2o3,6.32,7.92
synchronized_latency,1675,1,hipblaslt,7.52,7.8
synchronized_latency,1676,1,fe2o3,8.76,7.88
synchronized_latency,1677,1,hipblaslt,7.24,7.92
synchronized_latency,1678,1,fe2o3,6.4,7.84
synchronized_latency,1679,1,hipblaslt,7.92,7.84
synchronized_latency,1680,1,fe2o3,6.36,7.84
synchronized_latency,1681,1,hipblaslt,7.56,11.28
synchronized_latency,1682,1,fe2o3,6.52,7.84
synchronized_latency,1683,1,hipblaslt,6.8,14.2
synchronized_latency,1684,1,fe2o3,6.52,8.12
synchronized_latency,1685,1,hipblaslt,7.44,7.56
synchronized_latency,1686,1,fe2o3,6.48,7.8
synchronized_latency,1687,1,hipblaslt,9.84,7.84
synchronized_latency,1688,1,fe2o3,8.56,7.72
synchronized_latency,1689,1,hipblaslt,8.88,8.08
synchronized_latency,1690,1,fe2o3,7.4,7.92
synchronized_latency,1691,1,hipblaslt,14.56,11.16
synchronized_latency,1692,1,fe2o3,13.36,7.96
synchronized_latency,1693,1,hipblaslt,7.56,8.12
synchronized_latency,1694,1,fe2o3,7.52,11.24
synchronized_latency,1695,1,hipblaslt,8.76,8.6
synchronized_latency,1696,1,fe2o3,7.281,11.12
synchronized_latency,1697,1,hipblaslt,8.08,7.88
synchronized_latency,1698,1,fe2o3,6.4,15.04
synchronized_latency,1699,1,hipblaslt,8.32,8.32
synchronized_latency,1700,1,fe2o3,16.28,15.12
synchronized_latency,1701,1,hipblaslt,7.32,13.28
synchronized_latency,1702,1,fe2o3,8.64,11.68
synchronized_latency,1703,1,hipblaslt,10.48,11.12
synchronized_latency,1704,1,fe2o3,9.44,11.16
synchronized_latency,1705,1,hipblaslt,6.44,24
synchronized_latency,1706,1,fe2o3,7.72,8
synchronized_latency,1707,1,hipblaslt,9.12,11.04
synchronized_latency,1708,1,fe2o3,8.48,11.76
synchronized_latency,1709,1,hipblaslt,8.52,11.4
synchronized_latency,1710,1,fe2o3,8.04,11.64
synchronized_latency,1711,1,hipblaslt,9.4,11.84
synchronized_latency,1712,1,fe2o3,19.84,7.68
synchronized_latency,1713,1,hipblaslt,9.12,11.8
synchronized_latency,1714,1,fe2o3,8.32,11.4
synchronized_latency,1715,1,hipblaslt,7.48,11.24
synchronized_latency,1716,1,fe2o3,8.08,11.28
synchronized_latency,1717,1,hipblaslt,13.24,7.84
synchronized_latency,1718,1,fe2o3,15.64,21.12
synchronized_latency,1719,1,hipblaslt,9.08,15.68
synchronized_latency,1720,1,fe2o3,6.36,8.12
synchronized_latency,1721,1,hipblaslt,16.56,11.28
synchronized_latency,1722,1,fe2o3,7.16,9.44
synchronized_latency,1723,1,hipblaslt,6.36,7.88
synchronized_latency,1724,1,fe2o3,6.36,7.76
synchronized_latency,1725,1,hipblaslt,6.44,7.96
synchronized_latency,1726,1,fe2o3,6.48,7.88
synchronized_latency,1727,1,hipblaslt,6.52,7.64
synchronized_latency,1728,1,fe2o3,6.48,8
synchronized_latency,1729,1,hipblaslt,6.44,7.96
synchronized_latency,1730,1,fe2o3,6.52,13.04
synchronized_latency,1731,1,hipblaslt,6.28,8.12
synchronized_latency,1732,1,fe2o3,6.44,8.081
synchronized_latency,1733,1,hipblaslt,6.44,8.12
synchronized_latency,1734,1,fe2o3,6.48,7.96
synchronized_latency,1735,1,hipblaslt,6.36,8.04
synchronized_latency,1736,1,fe2o3,6.36,8.16
synchronized_latency,1737,1,hipblaslt,6.48,8.16
synchronized_latency,1738,1,fe2o3,6.52,7.92
synchronized_latency,1739,1,hipblaslt,6.36,8.08
synchronized_latency,1740,1,fe2o3,6.52,7.92
synchronized_latency,1741,1,hipblaslt,6.4,8.12
synchronized_latency,1742,1,fe2o3,6.48,8.16
synchronized_latency,1743,1,hipblaslt,6.32,8.08
synchronized_latency,1744,1,fe2o3,6.44,11.28
synchronized_latency,1745,1,hipblaslt,6.4,7.88
synchronized_latency,1746,1,fe2o3,7.2,8.04
synchronized_latency,1747,1,hipblaslt,6.32,8.16
synchronized_latency,1748,1,fe2o3,7.76,8.6
synchronized_latency,1749,1,hipblaslt,6.6,8.12
synchronized_latency,1750,1,fe2o3,6.44,7.88
synchronized_latency,1751,1,hipblaslt,6.52,7.88
synchronized_latency,1752,1,fe2o3,6.32,7.76
synchronized_latency,1753,1,hipblaslt,7.28,8.6
synchronized_latency,1754,1,fe2o3,6.44,7.64
synchronized_latency,1755,1,hipblaslt,6.52,8.04
synchronized_latency,1756,1,fe2o3,6.4,7.8
synchronized_latency,1757,1,hipblaslt,6.4,7.8
synchronized_latency,1758,1,fe2o3,6.36,7.8
synchronized_latency,1759,1,hipblaslt,6.48,7.88
synchronized_latency,1760,1,fe2o3,6.52,7.96
synchronized_latency,1761,1,hipblaslt,6.44,7.72
synchronized_latency,1762,1,fe2o3,6.56,7.8
synchronized_latency,1763,1,hipblaslt,6.32,8.08
synchronized_latency,1764,1,fe2o3,6.4,7.68
synchronized_latency,1765,1,hipblaslt,6.48,7.72
synchronized_latency,1766,1,fe2o3,6.4,7.88
synchronized_latency,1767,1,hipblaslt,6.36,7.8
synchronized_latency,1768,1,fe2o3,6.52,7.84
synchronized_latency,1769,1,hipblaslt,6.52,7.92
synchronized_latency,1770,1,fe2o3,6.56,7.92
synchronized_latency,1771,1,hipblaslt,10.8,7.8
synchronized_latency,1772,1,fe2o3,6.561,7.8
synchronized_latency,1773,1,hipblaslt,6.6,7.96
synchronized_latency,1774,1,fe2o3,6.36,7.96
synchronized_latency,1775,1,hipblaslt,7.16,8.6
synchronized_latency,1776,1,fe2o3,6.48,7.88
synchronized_latency,1777,1,hipblaslt,6.4,7.96
synchronized_latency,1778,1,fe2o3,6.76,7.88
synchronized_latency,1779,1,hipblaslt,6.4,7.84
synchronized_latency,1780,1,fe2o3,6.36,8.28
synchronized_latency,1781,1,hipblaslt,6.48,8.04
synchronized_latency,1782,1,fe2o3,6.52,7.92
synchronized_latency,1783,1,hipblaslt,6.36,7.92
synchronized_latency,1784,1,fe2o3,6.44,7.76
synchronized_latency,1785,1,hipblaslt,6.44,7.8
synchronized_latency,1786,1,fe2o3,6.48,7.84
synchronized_latency,1787,1,hipblaslt,6.52,7.84
synchronized_latency,1788,1,fe2o3,6.44,7.72
synchronized_latency,1789,1,hipblaslt,6.56,7.72
synchronized_latency,1790,1,fe2o3,6.4,8.04
synchronized_latency,1791,1,hipblaslt,6.48,7.88
synchronized_latency,1792,1,fe2o3,6.56,7.88
synchronized_latency,1793,1,hipblaslt,6.44,7.8
synchronized_latency,1794,1,fe2o3,6.4,7.84
synchronized_latency,1795,1,hipblaslt,6.48,7.88
synchronized_latency,1796,1,fe2o3,6.36,7.88
synchronized_latency,1797,1,hipblaslt,6.44,7.76
synchronized_latency,1798,1,fe2o3,6.44,8.04
synchronized_latency,1799,1,hipblaslt,6.52,8.08
synchronized_latency,1800,1,fe2o3,6.48,7.6
synchronized_latency,1801,1,hipblaslt,6.48,7.92
synchronized_latency,1802,1,fe2o3,6.6,9.48
synchronized_latency,1803,1,hipblaslt,6.4,8.28
synchronized_latency,1804,1,fe2o3,6.48,7.92
synchronized_latency,1805,1,hipblaslt,6.44,8.04
synchronized_latency,1806,1,fe2o3,6.56,7.96
synchronized_latency,1807,1,hipblaslt,6.52,7.76
synchronized_latency,1808,1,fe2o3,6.48,8.04
synchronized_latency,1809,1,hipblaslt,6.44,7.84
synchronized_latency,1810,1,fe2o3,6.52,7.84
synchronized_latency,1811,1,hipblaslt,6.48,7.96
synchronized_latency,1812,1,fe2o3,6.44,7.92
synchronized_latency,1813,1,hipblaslt,6.36,8
synchronized_latency,1814,1,fe2o3,6.44,7.96
synchronized_latency,1815,1,hipblaslt,6.56,8
synchronized_latency,1816,1,fe2o3,6.4,7.84
synchronized_latency,1817,1,hipblaslt,6.52,7.96
synchronized_latency,1818,1,fe2o3,6.36,7.92
synchronized_latency,1819,1,hipblaslt,6.36,8
synchronized_latency,1820,1,fe2o3,6.4,7.96
synchronized_latency,1821,1,hipblaslt,6.4,7.92
synchronized_latency,1822,1,fe2o3,6.4,7.84
synchronized_latency,1823,1,hipblaslt,6.56,7.84
synchronized_latency,1824,1,fe2o3,6.32,7.92
synchronized_latency,1825,1,hipblaslt,6.52,8.04
synchronized_latency,1826,1,fe2o3,6.36,9.96
synchronized_latency,1827,1,hipblaslt,6.32,7.6
synchronized_latency,1828,1,fe2o3,8.16,7.96
synchronized_latency,1829,1,hipblaslt,6.72,7.76
synchronized_latency,1830,1,fe2o3,8.48,8.96
synchronized_latency,1831,1,hipblaslt,6.4,7.64
synchronized_latency,1832,1,fe2o3,6.561,7.92
synchronized_latency,1833,1,hipblaslt,6.4,7.68
synchronized_latency,1834,1,fe2o3,6.4,7.84
synchronized_latency,1835,1,hipblaslt,6.48,7.76
synchronized_latency,1836,1,fe2o3,7.44,13.16
synchronized_latency,1837,1,hipblaslt,6.64,7.72
synchronized_latency,1838,1,fe2o3,10,9.12
synchronized_latency,1839,1,hipblaslt,8.48,7.8
synchronized_latency,1840,1,fe2o3,6.44,14.72
synchronized_latency,1841,1,hipblaslt,6.92,7.761
synchronized_latency,1842,1,fe2o3,6.44,9.32
synchronized_latency,1843,1,hipblaslt,9.32,7.84
synchronized_latency,1844,1,fe2o3,6.48,9.4
synchronized_latency,1845,1,hipblaslt,8.12,7.84
synchronized_latency,1846,1,fe2o3,6.36,9.88
synchronized_latency,1847,1,hipblaslt,7.8,7.84
synchronized_latency,1848,1,fe2o3,6.36,10.16
synchronized_latency,1849,1,hipblaslt,15.321,8.24
synchronized_latency,1850,1,fe2o3,6.44,11.76
synchronized_latency,1851,1,hipblaslt,12.52,69.84
synchronized_latency,1852,1,fe2o3,6.56,11.04
synchronized_latency,1853,1,hipblaslt,8.56,7.96
synchronized_latency,1854,1,fe2o3,6.48,11.12
synchronized_latency,1855,1,hipblaslt,8.92,8.16
synchronized_latency,1856,1,fe2o3,6.76,11.8
synchronized_latency,1857,1,hipblaslt,7.84,8.2
synchronized_latency,1858,1,fe2o3,6.44,11.96
synchronized_latency,1859,1,hipblaslt,10.08,7.84
synchronized_latency,1860,1,fe2o3,6.56,11.76
synchronized_latency,1861,1,hipblaslt,7.84,8.2
synchronized_latency,1862,1,fe2o3,6.6,11.6
synchronized_latency,1863,1,hipblaslt,10.04,8.76
synchronized_latency,1864,1,fe2o3,6.56,17.76
synchronized_latency,1865,1,hipblaslt,14.2,18.92
synchronized_latency,1866,1,fe2o3,7.56,14.92
synchronized_latency,1867,1,hipblaslt,11.04,12.6
synchronized_latency,1868,1,fe2o3,7.52,13.72
synchronized_latency,1869,1,hipblaslt,8.56,11.28
synchronized_latency,1870,1,fe2o3,7.521,11.4
synchronized_latency,1871,1,hipblaslt,7.32,8.56
synchronized_latency,1872,1,fe2o3,8.32,11.88
synchronized_latency,1873,1,hipblaslt,10.56,19.36
synchronized_latency,1874,1,fe2o3,8.2,16.52
synchronized_latency,1875,1,hipblaslt,16.36,8.28
synchronized_latency,1876,1,fe2o3,6.88,13.441
synchronized_latency,1877,1,hipblaslt,8.52,7.8
synchronized_latency,1878,1,fe2o3,6.52,10.04
synchronized_latency,1879,1,hipblaslt,6.76,7.76
synchronized_latency,1880,1,fe2o3,6.48,11.92
synchronized_latency,1881,1,hipblaslt,8.36,11.16
synchronized_latency,1882,1,fe2o3,7.8,27.16
synchronized_latency,1883,1,hipblaslt,10.76,8.04
synchronized_latency,1884,1,fe2o3,6.64,11.72
synchronized_latency,1885,1,hipblaslt,14.48,7.96
synchronized_latency,1886,1,fe2o3,7.8,12.56
synchronized_latency,1887,1,hipblaslt,7.56,15.8
synchronized_latency,1888,1,fe2o3,13.56,8.92
synchronized_latency,1889,1,hipblaslt,12.92,8.04
synchronized_latency,1890,1,fe2o3,6.24,11.76
synchronized_latency,1891,1,hipblaslt,14.76,9.04
synchronized_latency,1892,1,fe2o3,6.56,11.88
synchronized_latency,1893,1,hipblaslt,12.56,7.96
synchronized_latency,1894,1,fe2o3,11.76,10.24
synchronized_latency,1895,1,hipblaslt,8.84,21.84
synchronized_latency,1896,1,fe2o3,6.36,8.32
synchronized_latency,1897,1,hipblaslt,6.4,7.88
synchronized_latency,1898,1,fe2o3,6.4,7.881
synchronized_latency,1899,1,hipblaslt,6.36,7.92
synchronized_latency,1900,1,fe2o3,6.36,7.84
synchronized_latency,1901,1,hipblaslt,6.4,12.28
synchronized_latency,1902,1,fe2o3,6.44,8
synchronized_latency,1903,1,hipblaslt,6.36,7.8
synchronized_latency,1904,1,fe2o3,6.4,7.8
synchronized_latency,1905,1,hipblaslt,6.36,7.88
synchronized_latency,1906,1,fe2o3,6.44,7.84
synchronized_latency,1907,1,hipblaslt,6.4,7.64
synchronized_latency,1908,1,fe2o3,6.56,7.921
synchronized_latency,1909,1,hipblaslt,6.44,7.84
synchronized_latency,1910,1,fe2o3,6.48,7.84
synchronized_latency,1911,1,hipblaslt,6.36,7.96
synchronized_latency,1912,1,fe2o3,6.4,11.08
synchronized_latency,1913,1,hipblaslt,6.52,7.68
synchronized_latency,1914,1,fe2o3,7.12,7.88
synchronized_latency,1915,1,hipblaslt,6.48,7.84
synchronized_latency,1916,1,fe2o3,7.84,8.44
synchronized_latency,1917,1,hipblaslt,6.36,7.76
synchronized_latency,1918,1,fe2o3,6.361,7.84
synchronized_latency,1919,1,hipblaslt,6.52,7.8
synchronized_latency,1920,1,fe2o3,6.36,7.88
synchronized_latency,1921,1,hipblaslt,6.44,7.8
synchronized_latency,1922,1,fe2o3,6.48,7.96
synchronized_latency,1923,1,hipblaslt,6.36,8
synchronized_latency,1924,1,fe2o3,6.48,7.84
synchronized_latency,1925,1,hipblaslt,6.44,7.8
synchronized_latency,1926,1,fe2o3,6.52,7.92
synchronized_latency,1927,1,hipblaslt,6.44,7.8
synchronized_latency,1928,1,fe2o3,6.4,7.84
synchronized_latency,1929,1,hipblaslt,6.48,7.64
synchronized_latency,1930,1,fe2o3,6.52,7.96
synchronized_latency,1931,1,hipblaslt,6.36,7.8
synchronized_latency,1932,1,fe2o3,6.4,8.04
synchronized_latency,1933,1,hipblaslt,6.44,8.04
synchronized_latency,1934,1,fe2o3,6.48,8
synchronized_latency,1935,1,hipblaslt,6.4,8
synchronized_latency,1936,1,fe2o3,6.36,8.16
synchronized_latency,1937,1,hipblaslt,6.44,8
synchronized_latency,1938,1,fe2o3,6.52,7.96
synchronized_latency,1939,1,hipblaslt,6.92,8.2
synchronized_latency,1940,1,fe2o3,8.48,8.04
synchronized_latency,1941,1,hipblaslt,6.44,8.52
synchronized_latency,1942,1,fe2o3,6.48,8.12
synchronized_latency,1943,1,hipblaslt,7.24,8.8
synchronized_latency,1944,1,fe2o3,6.48,8
synchronized_latency,1945,1,hipblaslt,6.44,7.8
synchronized_latency,1946,1,fe2o3,6.44,7.92
synchronized_latency,1947,1,hipblaslt,6.44,7.76
synchronized_latency,1948,1,fe2o3,6.441,7.92
synchronized_latency,1949,1,hipblaslt,6.36,7.84
synchronized_latency,1950,1,fe2o3,6.52,8.2
synchronized_latency,1951,1,hipblaslt,6.44,8.16
synchronized_latency,1952,1,fe2o3,6.6,7.92
synchronized_latency,1953,1,hipblaslt,6.36,7.88
synchronized_latency,1954,1,fe2o3,6.36,8
synchronized_latency,1955,1,hipblaslt,6.4,7.72
synchronized_latency,1956,1,fe2o3,6.48,7.68
synchronized_latency,1957,1,hipblaslt,6.48,7.88
synchronized_latency,1958,1,fe2o3,6.521,7.72
synchronized_latency,1959,1,hipblaslt,6.56,7.8
synchronized_latency,1960,1,fe2o3,6.36,7.96
synchronized_latency,1961,1,hipblaslt,6.44,7.8
synchronized_latency,1962,1,fe2o3,6.44,7.96
synchronized_latency,1963,1,hipblaslt,6.36,7.64
synchronized_latency,1964,1,fe2o3,6.4,7.88
synchronized_latency,1965,1,hipblaslt,6.36,7.8
synchronized_latency,1966,1,fe2o3,6.52,8.08
synchronized_latency,1967,1,hipblaslt,6.36,9.68
synchronized_latency,1968,1,fe2o3,9.481,7.56
synchronized_latency,1969,1,hipblaslt,6.44,7.76
synchronized_latency,1970,1,fe2o3,6.36,10
synchronized_latency,1971,1,hipblaslt,6.44,8.6
synchronized_latency,1972,1,fe2o3,6.56,7.96
synchronized_latency,1973,1,hipblaslt,6.56,7.72
synchronized_latency,1974,1,fe2o3,6.56,7.84
synchronized_latency,1975,1,hipblaslt,6.44,7.84
synchronized_latency,1976,1,fe2o3,6.6,8.4
synchronized_latency,1977,1,hipblaslt,6.48,7.96
synchronized_latency,1978,1,fe2o3,6.401,7.84
synchronized_latency,1979,1,hipblaslt,6.44,7.8
synchronized_latency,1980,1,fe2o3,6.44,8.28
synchronized_latency,1981,1,hipblaslt,6.4,7.84
synchronized_latency,1982,1,fe2o3,6.4,7.88
synchronized_latency,1983,1,hipblaslt,6.44,7.84
synchronized_latency,1984,1,fe2o3,6.48,7.88
synchronized_latency,1985,1,hipblaslt,6.48,7.96
synchronized_latency,1986,1,fe2o3,6.32,8.16
synchronized_latency,1987,1,hipblaslt,6.44,8.04
synchronized_latency,1988,1,fe2o3,6.44,7.92
synchronized_latency,1989,1,hipblaslt,6.36,8.08
synchronized_latency,1990,1,fe2o3,6.52,7.96
synchronized_latency,1991,1,hipblaslt,6.48,8
synchronized_latency,1992,1,fe2o3,6.48,7.96
synchronized_latency,1993,1,hipblaslt,6.36,7.88
synchronized_latency,1994,1,fe2o3,6.56,10.68
synchronized_latency,1995,1,hipblaslt,6.48,8
synchronized_latency,1996,1,fe2o3,9.48,8
synchronized_latency,1997,1,hipblaslt,6.48,7.88
synchronized_latency,1998,1,fe2o3,7.32,8.44
synchronized_latency,1999,1,hipblaslt,6.4,7.88
synchronized_latency,2000,1,fe2o3,6.48,7.92
synchronized_latency,2001,1,hipblaslt,6.56,7.68
synchronized_latency,2002,1,fe2o3,6.52,7.92
synchronized_latency,2003,1,hipblaslt,11.84,7.84
synchronized_latency,2004,1,fe2o3,6.44,11.16
synchronized_latency,2005,1,hipblaslt,7.44,11.48
synchronized_latency,2006,1,fe2o3,6.4,7.84
synchronized_latency,2007,1,hipblaslt,6.36,7.881
synchronized_latency,2008,1,fe2o3,6.36,7.76
synchronized_latency,2009,1,hipblaslt,7.48,7.88
synchronized_latency,2010,1,fe2o3,8.56,7.8
synchronized_latency,2011,1,hipblaslt,7.84,7.84
synchronized_latency,2012,1,fe2o3,6.32,7.84
synchronized_latency,2013,1,hipblaslt,7.2,7.84
synchronized_latency,2014,1,fe2o3,6.36,7.72
synchronized_latency,2015,1,hipblaslt,7.44,7.84
synchronized_latency,2016,1,fe2o3,11.08,7.84
synchronized_latency,2017,1,hipblaslt,7.68,11.24
synchronized_latency,2018,1,fe2o3,6.6,10.68
synchronized_latency,2019,1,hipblaslt,7.4,7.76
synchronized_latency,2020,1,fe2o3,7.08,7.72
synchronized_latency,2021,1,hipblaslt,8.041,7.76
synchronized_latency,2022,1,fe2o3,6.52,8.68
synchronized_latency,2023,1,hipblaslt,8.44,7.84
synchronized_latency,2024,1,fe2o3,6.56,7.92
synchronized_latency,2025,1,hipblaslt,7.92,7.8
synchronized_latency,2026,1,fe2o3,8.6,8
synchronized_latency,2027,1,hipblaslt,11.96,7.76
synchronized_latency,2028,1,fe2o3,9.68,9.12
synchronized_latency,2029,1,hipblaslt,8.6,8.081
synchronized_latency,2030,1,fe2o3,8.36,12.44
synchronized_latency,2031,1,hipblaslt,10.64,8.08
synchronized_latency,2032,1,fe2o3,7.36,12.16
synchronized_latency,2033,1,hipblaslt,7.8,11.12
synchronized_latency,2034,1,fe2o3,8.48,8.08
synchronized_latency,2035,1,hipblaslt,8.24,8.12
synchronized_latency,2036,1,fe2o3,6.36,16.28
synchronized_latency,2037,1,hipblaslt,13.36,8.04
synchronized_latency,2038,1,fe2o3,6.36,11.32
synchronized_latency,2039,1,hipblaslt,7.32,8.52
synchronized_latency,2040,1,fe2o3,6.4,8
synchronized_latency,2041,1,hipblaslt,7.76,11.08
synchronized_latency,2042,1,fe2o3,14.56,8.84
synchronized_latency,2043,1,hipblaslt,9,21.36
synchronized_latency,2044,1,fe2o3,8.68,11.44
synchronized_latency,2045,1,hipblaslt,8.12,8.16
synchronized_latency,2046,1,fe2o3,6.48,8.12
synchronized_latency,2047,1,hipblaslt,6.52,8.16
synchronized_latency,2048,1,fe2o3,6.52,14.04
synchronized_latency,2049,1,hipblaslt,7.36,13.04
synchronized_latency,2050,1,fe2o3,10.441,9.68
synchronized_latency,2051,1,hipblaslt,10.2,7.84
synchronized_latency,2052,1,fe2o3,6.6,13.72
synchronized_latency,2053,1,hipblaslt,8.2,7.84
synchronized_latency,2054,1,fe2o3,6.52,12.48
synchronized_latency,2055,1,hipblaslt,8.36,7.92
synchronized_latency,2056,1,fe2o3,9.12,11.84
synchronized_latency,2057,1,hipblaslt,10.08,23.841
synchronized_latency,2058,1,fe2o3,8.56,7.96
synchronized_latency,2059,1,hipblaslt,6.6,7.6
synchronized_latency,2060,1,fe2o3,6.44,7.92
synchronized_latency,2061,1,hipblaslt,6.56,7.76
synchronized_latency,2062,1,fe2o3,6.44,7.92
synchronized_latency,2063,1,hipblaslt,6.36,7.72
synchronized_latency,2064,1,fe2o3,6.4,7.96
synchronized_latency,2065,1,hipblaslt,6.52,7.8
synchronized_latency,2066,1,fe2o3,6.36,7.92
synchronized_latency,2067,1,hipblaslt,6.52,7.8
synchronized_latency,2068,1,fe2o3,6.44,7.92
synchronized_latency,2069,1,hipblaslt,6.44,7.84
synchronized_latency,2070,1,fe2o3,6.52,7.88
synchronized_latency,2071,1,hipblaslt,8.68,7.84
synchronized_latency,2072,1,fe2o3,6.56,7.92
synchronized_latency,2073,1,hipblaslt,6.4,7.88
synchronized_latency,2074,1,fe2o3,6.4,8
synchronized_latency,2075,1,hipblaslt,6.44,7.72
synchronized_latency,2076,1,fe2o3,6.481,7.84
synchronized_latency,2077,1,hipblaslt,6.48,7.72
synchronized_latency,2078,1,fe2o3,6.48,7.92
synchronized_latency,2079,1,hipblaslt,6.44,7.92
synchronized_latency,2080,1,fe2o3,6.56,7.92
synchronized_latency,2081,1,hipblaslt,6.76,7.68
synchronized_latency,2082,1,fe2o3,6.48,8.2
synchronized_latency,2083,1,hipblaslt,6.52,7.88
synchronized_latency,2084,1,fe2o3,6.44,8.44
synchronized_latency,2085,1,hipblaslt,7.32,8.48
synchronized_latency,2086,1,fe2o3,6.56,8.12
synchronized_latency,2087,1,hipblaslt,6.56,7.88
synchronized_latency,2088,1,fe2o3,7.24,8.32
synchronized_latency,2089,1,hipblaslt,6.32,8.24
synchronized_latency,2090,1,fe2o3,7.48,8.04
synchronized_latency,2091,1,hipblaslt,6.4,7.92
synchronized_latency,2092,1,fe2o3,6.36,8.16
synchronized_latency,2093,1,hipblaslt,6.52,8.04
synchronized_latency,2094,1,fe2o3,6.48,8.12
synchronized_latency,2095,1,hipblaslt,6.52,8
synchronized_latency,2096,1,fe2o3,6.48,7.92
synchronized_latency,2097,1,hipblaslt,6.56,8.08
synchronized_latency,2098,1,fe2o3,6.48,8.24
synchronized_latency,2099,1,hipblaslt,6.52,8.04
synchronized_latency,2100,1,fe2o3,6.52,8.2
synchronized_latency,2101,1,hipblaslt,6.44,7.96
synchronized_latency,2102,1,fe2o3,6.48,7.92
synchronized_latency,2103,1,hipblaslt,6.48,8.2
synchronized_latency,2104,1,fe2o3,6.36,7.88
synchronized_latency,2105,1,hipblaslt,6.48,7.8
synchronized_latency,2106,1,fe2o3,6.44,7.84
synchronized_latency,2107,1,hipblaslt,6.4,7.92
synchronized_latency,2108,1,fe2o3,6.36,13.92
synchronized_latency,2109,1,hipblaslt,6.4,7.68
synchronized_latency,2110,1,fe2o3,8.84,7.8
synchronized_latency,2111,1,hipblaslt,6.44,7.8
synchronized_latency,2112,1,fe2o3,7.52,7.84
synchronized_latency,2113,1,hipblaslt,6.44,7.64
synchronized_latency,2114,1,fe2o3,6.4,7.68
synchronized_latency,2115,1,hipblaslt,6.64,7.84
synchronized_latency,2116,1,fe2o3,6.48,7.76
synchronized_latency,2117,1,hipblaslt,6.52,7.88
synchronized_latency,2118,1,fe2o3,6.48,7.84
synchronized_latency,2119,1,hipblaslt,6.6,7.88
synchronized_latency,2120,1,fe2o3,6.56,7.92
synchronized_latency,2121,1,hipblaslt,6.48,7.8
synchronized_latency,2122,1,fe2o3,6.52,7.84
synchronized_latency,2123,1,hipblaslt,6.4,7.72
synchronized_latency,2124,1,fe2o3,6.4,7.92
synchronized_latency,2125,1,hipblaslt,6.48,7.96
synchronized_latency,2126,1,fe2o3,6.4,7.96
synchronized_latency,2127,1,hipblaslt,6.4,7.84
synchronized_latency,2128,1,fe2o3,6.32,8
synchronized_latency,2129,1,hipblaslt,6.48,7.96
synchronized_latency,2130,1,fe2o3,6.48,8.12
synchronized_latency,2131,1,hipblaslt,6.4,8.24
synchronized_latency,2132,1,fe2o3,6.52,8.24
synchronized_latency,2133,1,hipblaslt,6.4,7.88
synchronized_latency,2134,1,fe2o3,6.4,7.96
synchronized_latency,2135,1,hipblaslt,6.56,7.96
synchronized_latency,2136,1,fe2o3,6.361,8.2
synchronized_latency,2137,1,hipblaslt,6.44,7.88
synchronized_latency,2138,1,fe2o3,9.68,7.96
synchronized_latency,2139,1,hipblaslt,6.52,7.92
synchronized_latency,2140,1,fe2o3,7.24,8
synchronized_latency,2141,1,hipblaslt,6.6,7.96
synchronized_latency,2142,1,fe2o3,6.48,7.88
synchronized_latency,2143,1,hipblaslt,6.4,7.96
synchronized_latency,2144,1,fe2o3,6.44,7.88
synchronized_latency,2145,1,hipblaslt,6.72,8.2
synchronized_latency,2146,1,fe2o3,6.481,7.84
synchronized_latency,2147,1,hipblaslt,6.4,7.76
synchronized_latency,2148,1,fe2o3,6.6,7.68
synchronized_latency,2149,1,hipblaslt,6.44,7.84
synchronized_latency,2150,1,fe2o3,6.6,7.8
synchronized_latency,2151,1,hipblaslt,6.4,7.76
synchronized_latency,2152,1,fe2o3,6.36,7.84
synchronized_latency,2153,1,hipblaslt,6.36,7.88
synchronized_latency,2154,1,fe2o3,6.32,7.88
synchronized_latency,2155,1,hipblaslt,6.4,7.92
synchronized_latency,2156,1,fe2o3,6.48,7.88
synchronized_latency,2157,1,hipblaslt,6.44,8.08
synchronized_latency,2158,1,fe2o3,6.48,7.96
synchronized_latency,2159,1,hipblaslt,6.48,7.84
synchronized_latency,2160,1,fe2o3,6.48,7.96
synchronized_latency,2161,1,hipblaslt,6.48,8.12
synchronized_latency,2162,1,fe2o3,6.4,7.96
synchronized_latency,2163,1,hipblaslt,6.48,7.96
synchronized_latency,2164,1,fe2o3,8.44,8.24
synchronized_latency,2165,1,hipblaslt,8.12,7.92
synchronized_latency,2166,1,fe2o3,6.6,7.84
synchronized_latency,2167,1,hipblaslt,6.4,7.84
synchronized_latency,2168,1,fe2o3,7.16,8.48
synchronized_latency,2169,1,hipblaslt,6.36,7.92
synchronized_latency,2170,1,fe2o3,6.4,13.4
synchronized_latency,2171,1,hipblaslt,6.52,12.6
synchronized_latency,2172,1,fe2o3,6.44,9.32
synchronized_latency,2173,1,hipblaslt,6.48,8
synchronized_latency,2174,1,fe2o3,6.44,36.001
synchronized_latency,2175,1,hipblaslt,6.36,8
synchronized_latency,2176,1,fe2o3,6.48,8.12
synchronized_latency,2177,1,hipblaslt,6.36,8.2
synchronized_latency,2178,1,fe2o3,6.44,7.88
synchronized_latency,2179,1,hipblaslt,6.4,7.8
synchronized_latency,2180,1,fe2o3,6.4,29.08
synchronized_latency,2181,1,hipblaslt,6.44,7.72
synchronized_latency,2182,1,fe2o3,6.36,7.76
synchronized_latency,2183,1,hipblaslt,6.48,7.8
synchronized_latency,2184,1,fe2o3,6.4,8
synchronized_latency,2185,1,hipblaslt,6.52,77.48
synchronized_latency,2186,1,fe2o3,6.96,7.6
synchronized_latency,2187,1,hipblaslt,9.16,7.72
synchronized_latency,2188,1,fe2o3,7.28,7.8
synchronized_latency,2189,1,hipblaslt,8.72,7.88
synchronized_latency,2190,1,fe2o3,7.96,9.08
synchronized_latency,2191,1,hipblaslt,9.88,7.8
synchronized_latency,2192,1,fe2o3,6.48,7.88
synchronized_latency,2193,1,hipblaslt,20.2,9.96
synchronized_latency,2194,1,fe2o3,7.48,12.04
synchronized_latency,2195,1,hipblaslt,6.68,11.68
synchronized_latency,2196,1,fe2o3,6.52,15.56
synchronized_latency,2197,1,hipblaslt,6.48,7.88
synchronized_latency,2198,1,fe2o3,8,21.88
synchronized_latency,2199,1,hipblaslt,6.52,7.8
synchronized_latency,2200,1,fe2o3,6.4,17.08
synchronized_latency,2201,1,hipblaslt,9,8.72
synchronized_latency,2202,1,fe2o3,6.36,11.8
synchronized_latency,2203,1,hipblaslt,6.6,11.04
synchronized_latency,2204,1,fe2o3,10.72,8.08
synchronized_latency,2205,1,hipblaslt,6.56,7.72
synchronized_latency,2206,1,fe2o3,7.04,12.04
synchronized_latency,2207,1,hipblaslt,7.12,8.32
synchronized_latency,2208,1,fe2o3,7.36,8.16
synchronized_latency,2209,1,hipblaslt,7.24,8.081
synchronized_latency,2210,1,fe2o3,8.04,8.52
synchronized_latency,2211,1,hipblaslt,6.4,14.72
synchronized_latency,2212,1,fe2o3,9.48,7.6
synchronized_latency,2213,1,hipblaslt,7.68,16.12
synchronized_latency,2214,1,fe2o3,19.36,11.24
synchronized_latency,2215,1,hipblaslt,10.6,7.72
synchronized_latency,2216,1,fe2o3,7.4,7.88
synchronized_latency,2217,1,hipblaslt,9.64,7.8
synchronized_latency,2218,1,fe2o3,7.44,11.76
synchronized_latency,2219,1,hipblaslt,8.56,7.84
synchronized_latency,2220,1,fe2o3,6.56,11.36
synchronized_latency,2221,1,hipblaslt,9.28,7.84
synchronized_latency,2222,1,fe2o3,11.2,25.8
synchronized_latency,2223,1,hipblaslt,6.4,10.68
synchronized_latency,2224,1,fe2o3,8.44,7.84
synchronized_latency,2225,1,hipblaslt,6.44,7.84
synchronized_latency,2226,1,fe2o3,7.24,10
synchronized_latency,2227,1,hipblaslt,6.48,7.92
synchronized_latency,2228,1,fe2o3,6.52,7.96
synchronized_latency,2229,1,hipblaslt,6.44,7.8
synchronized_latency,2230,1,fe2o3,6.6,7.88
synchronized_latency,2231,1,hipblaslt,6.32,7.84
synchronized_latency,2232,1,fe2o3,6.36,7.88
synchronized_latency,2233,1,hipblaslt,6.48,7.88
synchronized_latency,2234,1,fe2o3,6.56,7.84
synchronized_latency,2235,1,hipblaslt,6.44,7.88
synchronized_latency,2236,1,fe2o3,6.56,8
synchronized_latency,2237,1,hipblaslt,6.48,7.8
synchronized_latency,2238,1,fe2o3,6.52,7.88
synchronized_latency,2239,1,hipblaslt,6.36,7.84
synchronized_latency,2240,1,fe2o3,6.4,7.96
synchronized_latency,2241,1,hipblaslt,6.401,7.8
synchronized_latency,2242,1,fe2o3,6.52,12.52
synchronized_latency,2243,1,hipblaslt,6.44,7.88
synchronized_latency,2244,1,fe2o3,6.48,7.92
synchronized_latency,2245,1,hipblaslt,7.36,7.72
synchronized_latency,2246,1,fe2o3,6.48,7.92
synchronized_latency,2247,1,hipblaslt,6.48,7.92
synchronized_latency,2248,1,fe2o3,6.52,12.2
synchronized_latency,2249,1,hipblaslt,6.4,7.64
synchronized_latency,2250,1,fe2o3,8.8,7.84
synchronized_latency,2251,1,hipblaslt,6.52,7.76
synchronized_latency,2252,1,fe2o3,10.04,8.2
synchronized_latency,2253,1,hipblaslt,6.44,7.84
synchronized_latency,2254,1,fe2o3,6.44,8.12
synchronized_latency,2255,1,hipblaslt,6.48,7.88
synchronized_latency,2256,1,fe2o3,6.48,8.12
synchronized_latency,2257,1,hipblaslt,6.4,7.88
synchronized_latency,2258,1,fe2o3,7.04,8.04
synchronized_latency,2259,1,hipblaslt,6.52,7.96
synchronized_latency,2260,1,fe2o3,6.6,8
synchronized_latency,2261,1,hipblaslt,6.36,7.84
synchronized_latency,2262,1,fe2o3,6.52,7.84
synchronized_latency,2263,1,hipblaslt,6.56,7.84
synchronized_latency,2264,1,fe2o3,6.56,8.16
synchronized_latency,2265,1,hipblaslt,6.36,8.04
synchronized_latency,2266,1,fe2o3,6.52,8.12
synchronized_latency,2267,1,hipblaslt,6.36,8.24
synchronized_latency,2268,1,fe2o3,6.44,7.96
synchronized_latency,2269,1,hipblaslt,6.4,7.84
synchronized_latency,2270,1,fe2o3,6.52,8
synchronized_latency,2271,1,hipblaslt,6.4,8.04
synchronized_latency,2272,1,fe2o3,6.48,8.2
synchronized_latency,2273,1,hipblaslt,6.4,8.04
synchronized_latency,2274,1,fe2o3,6.6,7.92
synchronized_latency,2275,1,hipblaslt,9.24,7.8
synchronized_latency,2276,1,fe2o3,6.44,7.92
synchronized_latency,2277,1,hipblaslt,6.52,7.96
synchronized_latency,2278,1,fe2o3,6.48,7.92
synchronized_latency,2279,1,hipblaslt,7.24,8.44
synchronized_latency,2280,1,fe2o3,6.44,7.921
synchronized_latency,2281,1,hipblaslt,6.44,7.72
synchronized_latency,2282,1,fe2o3,6.36,7.88
synchronized_latency,2283,1,hipblaslt,6.48,7.96
synchronized_latency,2284,1,fe2o3,6.44,8.04
synchronized_latency,2285,1,hipblaslt,6.4,7.88
synchronized_latency,2286,1,fe2o3,6.44,7.88
synchronized_latency,2287,1,hipblaslt,6.48,7.96
synchronized_latency,2288,1,fe2o3,6.4,7.92
synchronized_latency,2289,1,hipblaslt,6.6,7.8
synchronized_latency,2290,1,fe2o3,6.4,7.841
synchronized_latency,2291,1,hipblaslt,6.44,7.76
synchronized_latency,2292,1,fe2o3,6.48,7.88
synchronized_latency,2293,1,hipblaslt,6.48,7.88
synchronized_latency,2294,1,fe2o3,6.52,7.96
synchronized_latency,2295,1,hipblaslt,6.52,7.76
synchronized_latency,2296,1,fe2o3,6.44,7.8
synchronized_latency,2297,1,hipblaslt,6.48,8
synchronized_latency,2298,1,fe2o3,6.4,7.84
synchronized_latency,2299,1,hipblaslt,7.08,7.96
synchronized_latency,2300,1,fe2o3,6.52,7.72
synchronized_latency,2301,1,hipblaslt,6.6,7.8
synchronized_latency,2302,1,fe2o3,6.56,12.84
synchronized_latency,2303,1,hipblaslt,6.48,7.72
synchronized_latency,2304,1,fe2o3,8.96,7.76
synchronized_latency,2305,1,hipblaslt,6.64,7.68
synchronized_latency,2306,1,fe2o3,7.36,8
synchronized_latency,2307,1,hipblaslt,6.44,7.88
synchronized_latency,2308,1,fe2o3,6.4,7.84
synchronized_latency,2309,1,hipblaslt,6.52,8.6
synchronized_latency,2310,1,fe2o3,6.36,8.081
synchronized_latency,2311,1,hipblaslt,6.48,7.92
synchronized_latency,2312,1,fe2o3,6.4,7.92
synchronized_latency,2313,1,hipblaslt,6.44,7.96
synchronized_latency,2314,1,fe2o3,6.56,7.92
synchronized_latency,2315,1,hipblaslt,6.56,7.92
synchronized_latency,2316,1,fe2o3,6.56,7.88
synchronized_latency,2317,1,hipblaslt,6.56,7.84
synchronized_latency,2318,1,fe2o3,6.44,8
synchronized_latency,2319,1,hipblaslt,6.56,7.64
synchronized_latency,2320,1,fe2o3,6.48,7.921
synchronized_latency,2321,1,hipblaslt,6.6,7.88
synchronized_latency,2322,1,fe2o3,6.44,7.88
synchronized_latency,2323,1,hipblaslt,6.36,7.76
synchronized_latency,2324,1,fe2o3,6.44,7.96
synchronized_latency,2325,1,hipblaslt,6.44,7.76
synchronized_latency,2326,1,fe2o3,6.44,8
synchronized_latency,2327,1,hipblaslt,6.4,7.8
synchronized_latency,2328,1,fe2o3,6.6,7.96
synchronized_latency,2329,1,hipblaslt,6.52,7.76
synchronized_latency,2330,1,fe2o3,7.6,7.881
synchronized_latency,2331,1,hipblaslt,8.04,7.8
synchronized_latency,2332,1,fe2o3,6.52,7.92
synchronized_latency,2333,1,hipblaslt,6.68,7.76
synchronized_latency,2334,1,fe2o3,7.2,7.8
synchronized_latency,2335,1,hipblaslt,6.36,7.72
synchronized_latency,2336,1,fe2o3,6.56,7.88
synchronized_latency,2337,1,hipblaslt,11.6,7.68
synchronized_latency,2338,1,fe2o3,6.92,11.32
synchronized_latency,2339,1,hipblaslt,6.48,10.08
synchronized_latency,2340,1,fe2o3,7.8,23.28
synchronized_latency,2341,1,hipblaslt,6.52,11.44
synchronized_latency,2342,1,fe2o3,7.68,7.76
synchronized_latency,2343,1,hipblaslt,6.44,37.88
synchronized_latency,2344,1,fe2o3,8.64,7.84
synchronized_latency,2345,1,hipblaslt,6.36,9.12
synchronized_latency,2346,1,fe2o3,6.6,7.84
synchronized_latency,2347,1,hipblaslt,6.321,10.24
synchronized_latency,2348,1,fe2o3,9.04,7.76
synchronized_latency,2349,1,hipblaslt,6.36,9.4
synchronized_latency,2350,1,fe2o3,7.84,8.04
synchronized_latency,2351,1,hipblaslt,6.44,74.6
synchronized_latency,2352,1,fe2o3,7.16,7.76
synchronized_latency,2353,1,hipblaslt,6.96,9.12
synchronized_latency,2354,1,fe2o3,6.36,8.84
synchronized_latency,2355,1,hipblaslt,6.48,9.32
synchronized_latency,2356,1,fe2o3,6.44,7.96
synchronized_latency,2357,1,hipblaslt,6.48,7.76
synchronized_latency,2358,1,fe2o3,7.44,11.2
synchronized_latency,2359,1,hipblaslt,6.76,13.48
synchronized_latency,2360,1,fe2o3,9.56,21.52
synchronized_latency,2361,1,hipblaslt,6.401,11.92
synchronized_latency,2362,1,fe2o3,7.76,8
synchronized_latency,2363,1,hipblaslt,7.32,13.2
synchronized_latency,2364,1,fe2o3,8,11.72
synchronized_latency,2365,1,hipblaslt,7.52,10.68
synchronized_latency,2366,1,fe2o3,7.76,8.36
synchronized_latency,2367,1,hipblaslt,6.48,12.92
synchronized_latency,2368,1,fe2o3,11.16,14.6
synchronized_latency,2369,1,hipblaslt,6.48,11.52
synchronized_latency,2370,1,fe2o3,7.4,8.16
synchronized_latency,2371,1,hipblaslt,6.64,19.44
synchronized_latency,2372,1,fe2o3,10.84,11
synchronized_latency,2373,1,hipblaslt,6.56,11.68
synchronized_latency,2374,1,fe2o3,7.92,8.64
synchronized_latency,2375,1,hipblaslt,6.52,7.88
synchronized_latency,2376,1,fe2o3,10.881,12.88
synchronized_latency,2377,1,hipblaslt,7.36,11.24
synchronized_latency,2378,1,fe2o3,8.84,8.12
synchronized_latency,2379,1,hipblaslt,6.52,30.6
synchronized_latency,2380,1,fe2o3,8.32,21.96
synchronized_latency,2381,1,hipblaslt,6.6,14.12
synchronized_latency,2382,1,fe2o3,8.48,12.36
synchronized_latency,2383,1,hipblaslt,6.48,13.48
synchronized_latency,2384,1,fe2o3,18.16,8.6
synchronized_latency,2385,1,hipblaslt,6.36,11.28
synchronized_latency,2386,1,fe2o3,9.96,18.28
synchronized_latency,2387,1,hipblaslt,6.64,23.68
synchronized_latency,2388,1,fe2o3,8.84,15.36
synchronized_latency,2389,1,hipblaslt,6.441,12.8
synchronized_latency,2390,1,fe2o3,8.68,7.68
synchronized_latency,2391,1,hipblaslt,9.4,7.84
synchronized_latency,2392,1,fe2o3,13.44,11.6
synchronized_latency,2393,1,hipblaslt,7.16,12.88
synchronized_latency,2394,1,fe2o3,7.28,12.36
synchronized_latency,2395,1,hipblaslt,6.48,7.76
synchronized_latency,2396,1,fe2o3,6.4,7.84
synchronized_latency,2397,1,hipblaslt,6.44,7.961
synchronized_latency,2398,1,fe2o3,6.48,8
synchronized_latency,2399,1,hipblaslt,6.4,7.72
synchronized_latency,2400,1,fe2o3,9.12,7.88
synchronized_latency,2401,1,hipblaslt,6.48,7.72
synchronized_latency,2402,1,fe2o3,6.52,8
synchronized_latency,2403,1,hipblaslt,6.36,7.88
synchronized_latency,2404,1,fe2o3,6.32,8.08
synchronized_latency,2405,1,hipblaslt,6.44,7.96
synchronized_latency,2406,1,fe2o3,6.44,8.08
synchronized_latency,2407,1,hipblaslt,6.48,7.921
synchronized_latency,2408,1,fe2o3,6.56,8.16
synchronized_latency,2409,1,hipblaslt,6.48,8.16
synchronized_latency,2410,1,fe2o3,6.36,8.12
synchronized_latency,2411,1,hipblaslt,6.44,7.92
synchronized_latency,2412,1,fe2o3,6.48,8.04
synchronized_latency,2413,1,hipblaslt,6.48,13.72
synchronized_latency,2414,1,fe2o3,6.4,7.84
synchronized_latency,2415,1,hipblaslt,6.56,7.68
synchronized_latency,2416,1,fe2o3,12.04,7.68
synchronized_latency,2417,1,hipblaslt,6.44,7.76
synchronized_latency,2418,1,fe2o3,6.48,7.88
synchronized_latency,2419,1,hipblaslt,7.24,7.8
synchronized_latency,2420,1,fe2o3,6.44,7.8
synchronized_latency,2421,1,hipblaslt,6.48,7.72
synchronized_latency,2422,1,fe2o3,6.44,7.76
synchronized_latency,2423,1,hipblaslt,6.52,7.96
synchronized_latency,2424,1,fe2o3,6.48,8
synchronized_latency,2425,1,hipblaslt,6.4,7.72
synchronized_latency,2426,1,fe2o3,6.4,8
synchronized_latency,2427,1,hipblaslt,6.32,7.76
synchronized_latency,2428,1,fe2o3,6.4,7.76
synchronized_latency,2429,1,hipblaslt,6.52,7.88
synchronized_latency,2430,1,fe2o3,6.44,7.8
synchronized_latency,2431,1,hipblaslt,6.52,7.68
synchronized_latency,2432,1,fe2o3,6.32,7.92
synchronized_latency,2433,1,hipblaslt,6.48,7.92
synchronized_latency,2434,1,fe2o3,6.6,7.8
synchronized_latency,2435,1,hipblaslt,6.56,7.96
synchronized_latency,2436,1,fe2o3,6.44,8.12
synchronized_latency,2437,1,hipblaslt,6.44,8.04
synchronized_latency,2438,1,fe2o3,6.48,7.96
synchronized_latency,2439,1,hipblaslt,6.52,7.84
synchronized_latency,2440,1,fe2o3,6.44,8.24
synchronized_latency,2441,1,hipblaslt,6.4,7.96
synchronized_latency,2442,1,fe2o3,6.36,7.92
synchronized_latency,2443,1,hipblaslt,8.6,12.2
synchronized_latency,2444,1,fe2o3,6.4,10.28
synchronized_latency,2445,1,hipblaslt,6.4,7.88
synchronized_latency,2446,1,fe2o3,6.52,8.081
synchronized_latency,2447,1,hipblaslt,7.16,9.64
synchronized_latency,2448,1,fe2o3,6.48,8.24
synchronized_latency,2449,1,hipblaslt,6.4,7.84
synchronized_latency,2450,1,fe2o3,6.4,7.92
synchronized_latency,2451,1,hipblaslt,6.36,8.08
synchronized_latency,2452,1,fe2o3,6.44,8.04
synchronized_latency,2453,1,hipblaslt,6.48,7.96
synchronized_latency,2454,1,fe2o3,6.52,7.8
synchronized_latency,2455,1,hipblaslt,6.36,7.96
synchronized_latency,2456,1,fe2o3,6.56,7.841
synchronized_latency,2457,1,hipblaslt,6.48,7.88
synchronized_latency,2458,1,fe2o3,6.36,7.88
synchronized_latency,2459,1,hipblaslt,6.48,7.72
synchronized_latency,2460,1,fe2o3,6.32,7.76
synchronized_latency,2461,1,hipblaslt,6.52,7.96
synchronized_latency,2462,1,fe2o3,6.44,7.84
synchronized_latency,2463,1,hipblaslt,6.44,7.8
synchronized_latency,2464,1,fe2o3,6.36,7.72
synchronized_latency,2465,1,hipblaslt,6.48,8.08
synchronized_latency,2466,1,fe2o3,6.4,7.88
synchronized_latency,2467,1,hipblaslt,6.48,7.84
synchronized_latency,2468,1,fe2o3,6.48,7.84
synchronized_latency,2469,1,hipblaslt,6.48,7.76
synchronized_latency,2470,1,fe2o3,6.56,12.92
synchronized_latency,2471,1,hipblaslt,6.36,10.52
synchronized_latency,2472,1,fe2o3,7.28,7.84
synchronized_latency,2473,1,hipblaslt,6.36,7.64
synchronized_latency,2474,1,fe2o3,6.36,9.4
synchronized_latency,2475,1,hipblaslt,6.4,9.68
synchronized_latency,2476,1,fe2o3,6.48,7.92
synchronized_latency,2477,1,hipblaslt,7.16,7.76
synchronized_latency,2478,1,fe2o3,6.36,7.88
synchronized_latency,2479,1,hipblaslt,6.48,7.8
synchronized_latency,2480,1,fe2o3,6.48,7.92
synchronized_latency,2481,1,hipblaslt,6.52,7.64
synchronized_latency,2482,1,fe2o3,6.44,7.76
synchronized_latency,2483,1,hipblaslt,6.4,7.68
synchronized_latency,2484,1,fe2o3,6.48,7.92
synchronized_latency,2485,1,hipblaslt,6.56,7.88
synchronized_latency,2486,1,fe2o3,6.36,7.88
synchronized_latency,2487,1,hipblaslt,6.44,7.801
synchronized_latency,2488,1,fe2o3,6.36,8.04
synchronized_latency,2489,1,hipblaslt,6.36,8
synchronized_latency,2490,1,fe2o3,6.48,7.92
synchronized_latency,2491,1,hipblaslt,6.48,7.84
synchronized_latency,2492,1,fe2o3,6.48,7.84
synchronized_latency,2493,1,hipblaslt,6.6,7.96
synchronized_latency,2494,1,fe2o3,6.52,8.04
synchronized_latency,2495,1,hipblaslt,6.4,8.04
synchronized_latency,2496,1,fe2o3,6.48,8.28
synchronized_latency,2497,1,hipblaslt,6.4,8.04
synchronized_latency,2498,1,fe2o3,6.48,11.12
synchronized_latency,2499,1,hipblaslt,6.36,7.72
synchronized_latency,2500,1,fe2o3,6.72,7.8
synchronized_latency,2501,1,hipblaslt,6.48,7.72
synchronized_latency,2502,1,fe2o3,7.12,8.44
synchronized_latency,2503,1,hipblaslt,6.36,7.76
synchronized_latency,2504,1,fe2o3,6.56,13.12
synchronized_latency,2505,1,hipblaslt,6.48,15.44
synchronized_latency,2506,1,fe2o3,6.44,12.24
synchronized_latency,2507,1,hipblaslt,8.28,7.72
synchronized_latency,2508,1,fe2o3,6.44,14.44
synchronized_latency,2509,1,hipblaslt,7.72,7.88
synchronized_latency,2510,1,fe2o3,6.52,19.28
synchronized_latency,2511,1,hipblaslt,11.16,8.08
synchronized_latency,2512,1,fe2o3,6.36,11.8
synchronized_latency,2513,1,hipblaslt,7.32,8.08
synchronized_latency,2514,1,fe2o3,6.48,9.561
synchronized_latency,2515,1,hipblaslt,8.24,8.24
synchronized_latency,2516,1,fe2o3,13.88,10.4
synchronized_latency,2517,1,hipblaslt,10.56,8.12
synchronized_latency,2518,1,fe2o3,6.36,10.12
synchronized_latency,2519,1,hipblaslt,10.44,7.88
synchronized_latency,2520,1,fe2o3,6.36,18.88
synchronized_latency,2521,1,hipblaslt,7.2,14.56
synchronized_latency,2522,1,fe2o3,6.44,11.32
synchronized_latency,2523,1,hipblaslt,8.04,8.36
synchronized_latency,2524,1,fe2o3,6.4,10.2
synchronized_latency,2525,1,hipblaslt,6.56,8.08
synchronized_latency,2526,1,fe2o3,6.4,9.72
synchronized_latency,2527,1,hipblaslt,9.52,8
synchronized_latency,2528,1,fe2o3,6.52,11.841
synchronized_latency,2529,1,hipblaslt,9.56,11.16
synchronized_latency,2530,1,fe2o3,7.72,14.2
synchronized_latency,2531,1,hipblaslt,7.92,11.24
synchronized_latency,2532,1,fe2o3,8.68,11.84
synchronized_latency,2533,1,hipblaslt,9.76,11.4
synchronized_latency,2534,1,fe2o3,7.76,11.48
synchronized_latency,2535,1,hipblaslt,9.6,11.44
synchronized_latency,2536,1,fe2o3,7.44,11.52
synchronized_latency,2537,1,hipblaslt,9.6,7.88
synchronized_latency,2538,1,fe2o3,7.36,12.64
synchronized_latency,2539,1,hipblaslt,9.96,11.28
synchronized_latency,2540,1,fe2o3,8.32,11.8
synchronized_latency,2541,1,hipblaslt,8.08,7.64
synchronized_latency,2542,1,fe2o3,6.44,12.6
synchronized_latency,2543,1,hipblaslt,13.96,10
synchronized_latency,2544,1,fe2o3,6.44,10.68
synchronized_latency,2545,1,hipblaslt,8.56,11.08
synchronized_latency,2546,1,fe2o3,7.88,21.76
synchronized_latency,2547,1,hipblaslt,8.2,7.84
synchronized_latency,2548,1,fe2o3,6.44,11.12
synchronized_latency,2549,1,hipblaslt,9.8,7.92
synchronized_latency,2550,1,fe2o3,7.72,10.44
synchronized_latency,2551,1,hipblaslt,13.24,20.36
synchronized_latency,2552,1,fe2o3,6.36,15.48
synchronized_latency,2553,1,hipblaslt,8.48,8.4
synchronized_latency,2554,1,fe2o3,8.32,14.68
synchronized_latency,2555,1,hipblaslt,7.64,7.92
synchronized_latency,2556,1,fe2o3,6.4,16.76
synchronized_latency,2557,1,hipblaslt,7.36,7.92
synchronized_latency,2558,1,fe2o3,7.4,10.92
synchronized_latency,2559,1,hipblaslt,7.6,7.84
synchronized_latency,2560,1,fe2o3,6.44,7.92
synchronized_latency,2561,1,hipblaslt,6.36,7.84
synchronized_latency,2562,1,fe2o3,6.36,8.12
synchronized_latency,2563,1,hipblaslt,7.36,8.6
synchronized_latency,2564,1,fe2o3,6.4,8.28
synchronized_latency,2565,1,hipblaslt,6.32,7.88
synchronized_latency,2566,1,fe2o3,6.48,7.92
synchronized_latency,2567,1,hipblaslt,6.48,8.16
synchronized_latency,2568,1,fe2o3,6.48,8.28
synchronized_latency,2569,1,hipblaslt,6.56,8.24
synchronized_latency,2570,1,fe2o3,6.52,12
synchronized_latency,2571,1,hipblaslt,6.52,8.12
synchronized_latency,2572,1,fe2o3,6.6,7.88
synchronized_latency,2573,1,hipblaslt,6.44,7.84
synchronized_latency,2574,1,fe2o3,6.48,7.96
synchronized_latency,2575,1,hipblaslt,6.44,7.72
synchronized_latency,2576,1,fe2o3,6.4,8.08
synchronized_latency,2577,1,hipblaslt,6.44,7.8
synchronized_latency,2578,1,fe2o3,6.4,7.84
synchronized_latency,2579,1,hipblaslt,6.4,7.76
synchronized_latency,2580,1,fe2o3,6.52,7.84
synchronized_latency,2581,1,hipblaslt,6.36,7.76
synchronized_latency,2582,1,fe2o3,6.52,7.84
synchronized_latency,2583,1,hipblaslt,9.6,7.84
synchronized_latency,2584,1,fe2o3,6.52,7.92
synchronized_latency,2585,1,hipblaslt,6.36,8.12
synchronized_latency,2586,1,fe2o3,6.4,11.64
synchronized_latency,2587,1,hipblaslt,6.4,8
synchronized_latency,2588,1,fe2o3,6.48,8.04
synchronized_latency,2589,1,hipblaslt,6.36,8.08
synchronized_latency,2590,1,fe2o3,7.32,8.56
synchronized_latency,2591,1,hipblaslt,6.48,8.04
synchronized_latency,2592,1,fe2o3,6.56,7.84
synchronized_latency,2593,1,hipblaslt,6.48,8.2
synchronized_latency,2594,1,fe2o3,6.48,7.96
synchronized_latency,2595,1,hipblaslt,6.4,8.08
synchronized_latency,2596,1,fe2o3,6.36,8.04
synchronized_latency,2597,1,hipblaslt,6.52,8.28
synchronized_latency,2598,1,fe2o3,6.44,8.2
synchronized_latency,2599,1,hipblaslt,6.44,8.08
synchronized_latency,2600,1,fe2o3,6.4,8.24
synchronized_latency,2601,1,hipblaslt,6.56,7.88
synchronized_latency,2602,1,fe2o3,6.36,8.2
synchronized_latency,2603,1,hipblaslt,6.44,8.08
synchronized_latency,2604,1,fe2o3,6.36,8.4
synchronized_latency,2605,1,hipblaslt,6.441,7.92
synchronized_latency,2606,1,fe2o3,6.56,7.8
synchronized_latency,2607,1,hipblaslt,6.44,7.84
synchronized_latency,2608,1,fe2o3,6.44,7.96
synchronized_latency,2609,1,hipblaslt,6.4,7.84
synchronized_latency,2610,1,fe2o3,6.6,8.88
synchronized_latency,2611,1,hipblaslt,6.4,7.88
synchronized_latency,2612,1,fe2o3,6.44,7.88
synchronized_latency,2613,1,hipblaslt,11.8,7.92
synchronized_latency,2614,1,fe2o3,6.56,7.92
synchronized_latency,2615,1,hipblaslt,6.4,8.08
synchronized_latency,2616,1,fe2o3,6.52,7.84
synchronized_latency,2617,1,hipblaslt,7.12,7.76
synchronized_latency,2618,1,fe2o3,7.32,7.92
synchronized_latency,2619,1,hipblaslt,6.4,7.8
synchronized_latency,2620,1,fe2o3,6.4,7.92
synchronized_latency,2621,1,hipblaslt,6.48,7.72
synchronized_latency,2622,1,fe2o3,6.48,7.76
synchronized_latency,2623,1,hipblaslt,6.44,8.64
synchronized_latency,2624,1,fe2o3,6.52,7.84
synchronized_latency,2625,1,hipblaslt,6.4,7.88
synchronized_latency,2626,1,fe2o3,6.52,8.16
synchronized_latency,2627,1,hipblaslt,6.48,8
synchronized_latency,2628,1,fe2o3,6.52,7.92
synchronized_latency,2629,1,hipblaslt,6.36,7.96
synchronized_latency,2630,1,fe2o3,6.4,7.96
synchronized_latency,2631,1,hipblaslt,6.44,8.04
synchronized_latency,2632,1,fe2o3,6.56,8.2
synchronized_latency,2633,1,hipblaslt,6.48,7.88
synchronized_latency,2634,1,fe2o3,6.36,8.04
synchronized_latency,2635,1,hipblaslt,6.401,8.04
synchronized_latency,2636,1,fe2o3,6.4,7.96
synchronized_latency,2637,1,hipblaslt,6.48,7.84
synchronized_latency,2638,1,fe2o3,7.56,7.96
synchronized_latency,2639,1,hipblaslt,6.4,7.68
synchronized_latency,2640,1,fe2o3,6.36,7.92
synchronized_latency,2641,1,hipblaslt,10.72,7.76
synchronized_latency,2642,1,fe2o3,6.48,10.32
synchronized_latency,2643,1,hipblaslt,6.48,7.8
synchronized_latency,2644,1,fe2o3,6.56,7.92
synchronized_latency,2645,1,hipblaslt,8.841,8.48
synchronized_latency,2646,1,fe2o3,6.52,7.92
synchronized_latency,2647,1,hipblaslt,6.56,7.84
synchronized_latency,2648,1,fe2o3,6.48,7.92
synchronized_latency,2649,1,hipblaslt,6.48,7.88
synchronized_latency,2650,1,fe2o3,6.6,8.4
synchronized_latency,2651,1,hipblaslt,6.4,7.88
synchronized_latency,2652,1,fe2o3,6.48,7.8
synchronized_latency,2653,1,hipblaslt,6.48,7.76
synchronized_latency,2654,1,fe2o3,6.44,7.88
synchronized_latency,2655,1,hipblaslt,6.441,7.8
synchronized_latency,2656,1,fe2o3,6.48,7.88
synchronized_latency,2657,1,hipblaslt,6.44,7.76
synchronized_latency,2658,1,fe2o3,6.4,7.88
synchronized_latency,2659,1,hipblaslt,6.4,7.72
synchronized_latency,2660,1,fe2o3,6.52,7.8
synchronized_latency,2661,1,hipblaslt,6.52,7.76
synchronized_latency,2662,1,fe2o3,6.36,7.88
synchronized_latency,2663,1,hipblaslt,6.36,7.8
synchronized_latency,2664,1,fe2o3,6.36,7.96
synchronized_latency,2665,1,hipblaslt,7.48,7.92
synchronized_latency,2666,1,fe2o3,6.48,7.8
synchronized_latency,2667,1,hipblaslt,6.48,7.76
synchronized_latency,2668,1,fe2o3,6.52,7.84
synchronized_latency,2669,1,hipblaslt,6.4,8.44
synchronized_latency,2670,1,fe2o3,6.52,8
synchronized_latency,2671,1,hipblaslt,11.64,7.72
synchronized_latency,2672,1,fe2o3,6.52,8.72
synchronized_latency,2673,1,hipblaslt,9.12,15.36
synchronized_latency,2674,1,fe2o3,10.88,22.96
synchronized_latency,2675,1,hipblaslt,7.36,7.92
synchronized_latency,2676,1,fe2o3,6.36,8.84
synchronized_latency,2677,1,hipblaslt,6.8,7.88
synchronized_latency,2678,1,fe2o3,8.52,7.96
synchronized_latency,2679,1,hipblaslt,7.72,30.24
synchronized_latency,2680,1,fe2o3,6.44,8.52
synchronized_latency,2681,1,hipblaslt,7.64,8.04
synchronized_latency,2682,1,fe2o3,6.4,8.48
synchronized_latency,2683,1,hipblaslt,6.8,8
synchronized_latency,2684,1,fe2o3,8.44,7.8
synchronized_latency,2685,1,hipblaslt,7.44,8.08
synchronized_latency,2686,1,fe2o3,65.84,8.64
synchronized_latency,2687,1,hipblaslt,6.36,12.56
synchronized_latency,2688,1,fe2o3,6.44,8
synchronized_latency,2689,1,hipblaslt,11.84,12.84
synchronized_latency,2690,1,fe2o3,6.4,14.4
synchronized_latency,2691,1,hipblaslt,7.8,8
synchronized_latency,2692,1,fe2o3,7.12,8.76
synchronized_latency,2693,1,hipblaslt,7.68,8.16
synchronized_latency,2694,1,fe2o3,8.64,9.24
synchronized_latency,2695,1,hipblaslt,7.44,8.08
synchronized_latency,2696,1,fe2o3,6.48,10.521
synchronized_latency,2697,1,hipblaslt,6.52,8.16
synchronized_latency,2698,1,fe2o3,6.44,15.04
synchronized_latency,2699,1,hipblaslt,6.52,15.32
synchronized_latency,2700,1,fe2o3,8.52,10.44
synchronized_latency,2701,1,hipblaslt,12.52,11.44
synchronized_latency,2702,1,fe2o3,16.56,10.36
synchronized_latency,2703,1,hipblaslt,10.24,11.52
synchronized_latency,2704,1,fe2o3,6.4,11.52
synchronized_latency,2705,1,hipblaslt,9.6,7.92
synchronized_latency,2706,1,fe2o3,6.48,12.64
synchronized_latency,2707,1,hipblaslt,10.52,11.36
synchronized_latency,2708,1,fe2o3,8.52,17.28
synchronized_latency,2709,1,hipblaslt,12.32,7.72
synchronized_latency,2710,1,fe2o3,6.48,8.88
synchronized_latency,2711,1,hipblaslt,7.04,8.12
synchronized_latency,2712,1,fe2o3,6.44,9
synchronized_latency,2713,1,hipblaslt,8.24,15.56
synchronized_latency,2714,1,fe2o3,6.72,10
synchronized_latency,2715,1,hipblaslt,9.76,8.76
synchronized_latency,2716,1,fe2o3,12.32,21.44
synchronized_latency,2717,1,hipblaslt,7.6,8.24
synchronized_latency,2718,1,fe2o3,14.92,18.48
synchronized_latency,2719,1,hipblaslt,8.44,7.84
synchronized_latency,2720,1,fe2o3,16.48,11.44
synchronized_latency,2721,1,hipblaslt,9.04,21.44
synchronized_latency,2722,1,fe2o3,6.52,9.44
synchronized_latency,2723,1,hipblaslt,10.04,11.24
synchronized_latency,2724,1,fe2o3,12.2,11.16
synchronized_latency,2725,1,hipblaslt,9.44,17.68
synchronized_latency,2726,1,fe2o3,15.04,11.24
synchronized_latency,2727,1,hipblaslt,12.24,8.24
synchronized_latency,2728,1,fe2o3,6.44,8.6
synchronized_latency,2729,1,hipblaslt,6.4,7.76
synchronized_latency,2730,1,fe2o3,6.4,8
synchronized_latency,2731,1,hipblaslt,8.4,8.68
synchronized_latency,2732,1,fe2o3,6.36,7.96
synchronized_latency,2733,1,hipblaslt,6.4,7.88
synchronized_latency,2734,1,fe2o3,6.52,8
synchronized_latency,2735,1,hipblaslt,7.04,8.12
synchronized_latency,2736,1,fe2o3,6.44,7.88
synchronized_latency,2737,1,hipblaslt,6.44,8.04
synchronized_latency,2738,1,fe2o3,8.48,7.92
synchronized_latency,2739,1,hipblaslt,6.36,8.16
synchronized_latency,2740,1,fe2o3,6.44,8.08
synchronized_latency,2741,1,hipblaslt,6.48,8
synchronized_latency,2742,1,fe2o3,6.36,8.08
synchronized_latency,2743,1,hipblaslt,6.4,8
synchronized_latency,2744,1,fe2o3,6.4,7.92
synchronized_latency,2745,1,hipblaslt,6.4,7.88
synchronized_latency,2746,1,fe2o3,6.4,7.88
synchronized_latency,2747,1,hipblaslt,6.52,7.84
synchronized_latency,2748,1,fe2o3,6.48,7.84
synchronized_latency,2749,1,hipblaslt,6.4,7.88
synchronized_latency,2750,1,fe2o3,6.4,7.92
synchronized_latency,2751,1,hipblaslt,6.401,7.8
synchronized_latency,2752,1,fe2o3,6.52,7.96
synchronized_latency,2753,1,hipblaslt,6.44,8
synchronized_latency,2754,1,fe2o3,6.84,12.68
synchronized_latency,2755,1,hipblaslt,7.04,8.12
synchronized_latency,2756,1,fe2o3,6.56,7.92
synchronized_latency,2757,1,hipblaslt,7.08,8.24
synchronized_latency,2758,1,fe2o3,8.16,7.92
synchronized_latency,2759,1,hipblaslt,6.4,8.12
synchronized_latency,2760,1,fe2o3,6.56,8.24
synchronized_latency,2761,1,hipblaslt,6.48,8.121
synchronized_latency,2762,1,fe2o3,6.36,8
synchronized_latency,2763,1,hipblaslt,6.44,8.04
synchronized_latency,2764,1,fe2o3,6.48,8.08
synchronized_latency,2765,1,hipblaslt,6.36,11.4
synchronized_latency,2766,1,fe2o3,6.44,7.84
synchronized_latency,2767,1,hipblaslt,6.52,7.72
synchronized_latency,2768,1,fe2o3,6.56,7.8
synchronized_latency,2769,1,hipblaslt,6.4,7.72
synchronized_latency,2770,1,fe2o3,6.52,7.88
synchronized_latency,2771,1,hipblaslt,6.4,7.841
synchronized_latency,2772,1,fe2o3,6.6,7.84
synchronized_latency,2773,1,hipblaslt,6.48,7.96
synchronized_latency,2774,1,fe2o3,6.36,7.84
synchronized_latency,2775,1,hipblaslt,6.44,7.84
synchronized_latency,2776,1,fe2o3,6.52,7.8
synchronized_latency,2777,1,hipblaslt,6.48,7.76
synchronized_latency,2778,1,fe2o3,6.56,8
synchronized_latency,2779,1,hipblaslt,6.4,7.72
synchronized_latency,2780,1,fe2o3,6.56,7.84
synchronized_latency,2781,1,hipblaslt,6.52,13.401
synchronized_latency,2782,1,fe2o3,6.4,9
synchronized_latency,2783,1,hipblaslt,6.4,7.72
synchronized_latency,2784,1,fe2o3,6.48,7.68
synchronized_latency,2785,1,hipblaslt,6.52,8.24
synchronized_latency,2786,1,fe2o3,6.48,7.76
synchronized_latency,2787,1,hipblaslt,6.56,7.76
synchronized_latency,2788,1,fe2o3,6.44,7.88
synchronized_latency,2789,1,hipblaslt,6.36,7.76
synchronized_latency,2790,1,fe2o3,6.4,9.96
synchronized_latency,2791,1,hipblaslt,6.36,7.92
synchronized_latency,2792,1,fe2o3,6.48,7.92
synchronized_latency,2793,1,hipblaslt,6.36,7.96
synchronized_latency,2794,1,fe2o3,6.52,7.84
synchronized_latency,2795,1,hipblaslt,6.56,7.92
synchronized_latency,2796,1,fe2o3,6.36,7.72
synchronized_latency,2797,1,hipblaslt,6.48,8.08
synchronized_latency,2798,1,fe2o3,6.4,7.92
synchronized_latency,2799,1,hipblaslt,6.44,8.08
synchronized_latency,2800,1,fe2o3,6.44,7.96
synchronized_latency,2801,1,hipblaslt,6.4,8.081
synchronized_latency,2802,1,fe2o3,6.4,7.96
synchronized_latency,2803,1,hipblaslt,6.48,7.92
synchronized_latency,2804,1,fe2o3,6.6,7.92
synchronized_latency,2805,1,hipblaslt,6.44,7.84
synchronized_latency,2806,1,fe2o3,6.32,7.88
synchronized_latency,2807,1,hipblaslt,6.44,7.88
synchronized_latency,2808,1,fe2o3,6.48,12.2
synchronized_latency,2809,1,hipblaslt,6.4,8.04
synchronized_latency,2810,1,fe2o3,6.44,8
synchronized_latency,2811,1,hipblaslt,6.36,7.881
synchronized_latency,2812,1,fe2o3,7.32,9.72
synchronized_latency,2813,1,hipblaslt,6.48,7.96
synchronized_latency,2814,1,fe2o3,6.36,7.92
synchronized_latency,2815,1,hipblaslt,6.6,8.08
synchronized_latency,2816,1,fe2o3,6.48,8.12
synchronized_latency,2817,1,hipblaslt,8.36,8.32
synchronized_latency,2818,1,fe2o3,6.44,7.8
synchronized_latency,2819,1,hipblaslt,6.4,7.8
synchronized_latency,2820,1,fe2o3,6.36,7.88
synchronized_latency,2821,1,hipblaslt,6.4,7.721
synchronized_latency,2822,1,fe2o3,6.44,7.88
synchronized_latency,2823,1,hipblaslt,6.48,7.84
synchronized_latency,2824,1,fe2o3,6.4,7.92
synchronized_latency,2825,1,hipblaslt,6.52,7.88
synchronized_latency,2826,1,fe2o3,6.52,7.84
synchronized_latency,2827,1,hipblaslt,6.4,7.92
synchronized_latency,2828,1,fe2o3,6.48,7.88
synchronized_latency,2829,1,hipblaslt,6.48,7.88
synchronized_latency,2830,1,fe2o3,6.48,7.96
synchronized_latency,2831,1,hipblaslt,6.48,7.8
synchronized_latency,2832,1,fe2o3,6.4,7.8
synchronized_latency,2833,1,hipblaslt,6.32,7.84
synchronized_latency,2834,1,fe2o3,6.44,7.92
synchronized_latency,2835,1,hipblaslt,6.48,7.8
synchronized_latency,2836,1,fe2o3,8.84,7.64
synchronized_latency,2837,1,hipblaslt,6.64,7.88
synchronized_latency,2838,1,fe2o3,6.48,13.12
synchronized_latency,2839,1,hipblaslt,7.24,7.76
synchronized_latency,2840,1,fe2o3,6.4,13.361
synchronized_latency,2841,1,hipblaslt,8,7.6
synchronized_latency,2842,1,fe2o3,6.52,19.52
synchronized_latency,2843,1,hipblaslt,7.72,7.76
synchronized_latency,2844,1,fe2o3,7.32,7.92
synchronized_latency,2845,1,hipblaslt,7.84,7.96
synchronized_latency,2846,1,fe2o3,10.32,8.84
synchronized_latency,2847,1,hipblaslt,7.68,7.84
synchronized_latency,2848,1,fe2o3,18.48,8.24
synchronized_latency,2849,1,hipblaslt,7.12,7.8
synchronized_latency,2850,1,fe2o3,6.44,9.28
synchronized_latency,2851,1,hipblaslt,8.68,7.76
synchronized_latency,2852,1,fe2o3,16.16,8.64
synchronized_latency,2853,1,hipblaslt,9.32,7.88
synchronized_latency,2854,1,fe2o3,6.52,8.24
synchronized_latency,2855,1,hipblaslt,6.56,7.96
synchronized_latency,2856,1,fe2o3,6.44,8.68
synchronized_latency,2857,1,hipblaslt,10.84,7.88
synchronized_latency,2858,1,fe2o3,6.32,7.68
synchronized_latency,2859,1,hipblaslt,13.24,7.76
synchronized_latency,2860,1,fe2o3,7.28,7.88
synchronized_latency,2861,1,hipblaslt,12.88,15.8
synchronized_latency,2862,1,fe2o3,8.08,10.16
synchronized_latency,2863,1,hipblaslt,9.08,7.88
synchronized_latency,2864,1,fe2o3,7.64,8.76
synchronized_latency,2865,1,hipblaslt,8.12,11.28
synchronized_latency,2866,1,fe2o3,8.36,9.76
synchronized_latency,2867,1,hipblaslt,7.64,8.04
synchronized_latency,2868,1,fe2o3,7.96,22
synchronized_latency,2869,1,hipblaslt,17.4,11.28
synchronized_latency,2870,1,fe2o3,8.16,8.92
synchronized_latency,2871,1,hipblaslt,8.32,11.24
synchronized_latency,2872,1,fe2o3,7.68,11.04
synchronized_latency,2873,1,hipblaslt,9.48,8.28
synchronized_latency,2874,1,fe2o3,8.04,12.44
synchronized_latency,2875,1,hipblaslt,12.2,8.24
synchronized_latency,2876,1,fe2o3,8.88,11.48
synchronized_latency,2877,1,hipblaslt,12.4,11.2
synchronized_latency,2878,1,fe2o3,8.48,19.96
synchronized_latency,2879,1,hipblaslt,6.64,11.08
synchronized_latency,2880,1,fe2o3,7.72,18.2
synchronized_latency,2881,1,hipblaslt,9.16,8.24
synchronized_latency,2882,1,fe2o3,6.68,8.84
synchronized_latency,2883,1,hipblaslt,8.441,7.96
synchronized_latency,2884,1,fe2o3,7.28,11
synchronized_latency,2885,1,hipblaslt,11.88,8.2
synchronized_latency,2886,1,fe2o3,16.76,9.6
synchronized_latency,2887,1,hipblaslt,8.36,8.08
synchronized_latency,2888,1,fe2o3,9.24,20.28
synchronized_latency,2889,1,hipblaslt,8.08,8.2
synchronized_latency,2890,1,fe2o3,7.68,8.48
synchronized_latency,2891,1,hipblaslt,8.84,8
synchronized_latency,2892,1,fe2o3,7.4,10
synchronized_latency,2893,1,hipblaslt,22.4,11.2
synchronized_latency,2894,1,fe2o3,7.8,17.16
synchronized_latency,2895,1,hipblaslt,6.44,11.32
synchronized_latency,2896,1,fe2o3,7.32,7.8
synchronized_latency,2897,1,hipblaslt,9.44,7.88
synchronized_latency,2898,1,fe2o3,6.48,7.92
synchronized_latency,2899,1,hipblaslt,8.88,7.8
synchronized_latency,2900,1,fe2o3,7.36,7.88
synchronized_latency,2901,1,hipblaslt,6.52,7.8
synchronized_latency,2902,1,fe2o3,6.44,7.8
synchronized_latency,2903,1,hipblaslt,6.32,7.76
synchronized_latency,2904,1,fe2o3,7.08,8.24
synchronized_latency,2905,1,hipblaslt,6.48,8.16
synchronized_latency,2906,1,fe2o3,6.48,7.88
synchronized_latency,2907,1,hipblaslt,6.28,7.76
synchronized_latency,2908,1,fe2o3,6.4,7.881
synchronized_latency,2909,1,hipblaslt,6.4,7.72
synchronized_latency,2910,1,fe2o3,6.48,7.64
synchronized_latency,2911,1,hipblaslt,6.4,7.84
synchronized_latency,2912,1,fe2o3,6.48,7.96
synchronized_latency,2913,1,hipblaslt,6.56,7.96
synchronized_latency,2914,1,fe2o3,6.56,7.88
synchronized_latency,2915,1,hipblaslt,6.44,7.88
synchronized_latency,2916,1,fe2o3,6.56,7.84
synchronized_latency,2917,1,hipblaslt,6.36,7.84
synchronized_latency,2918,1,fe2o3,6.48,8.081
synchronized_latency,2919,1,hipblaslt,6.88,8.04
synchronized_latency,2920,1,fe2o3,6.44,7.92
synchronized_latency,2921,1,hipblaslt,6.52,7.96
synchronized_latency,2922,1,fe2o3,6.4,7.76
synchronized_latency,2923,1,hipblaslt,6.44,13.52
synchronized_latency,2924,1,fe2o3,6.56,8.52
synchronized_latency,2925,1,hipblaslt,6.4,12.44
synchronized_latency,2926,1,fe2o3,7.4,8.52
synchronized_latency,2927,1,hipblaslt,6.36,8.64
synchronized_latency,2928,1,fe2o3,6.56,7.96
synchronized_latency,2929,1,hipblaslt,6.36,7.92
synchronized_latency,2930,1,fe2o3,6.48,7.8
synchronized_latency,2931,1,hipblaslt,6.56,7.88
synchronized_latency,2932,1,fe2o3,6.56,8
synchronized_latency,2933,1,hipblaslt,6.48,7.96
synchronized_latency,2934,1,fe2o3,6.6,7.88
synchronized_latency,2935,1,hipblaslt,6.36,8.04
synchronized_latency,2936,1,fe2o3,6.44,7.96
synchronized_latency,2937,1,hipblaslt,6.52,7.88
synchronized_latency,2938,1,fe2o3,6.4,7.84
synchronized_latency,2939,1,hipblaslt,6.32,7.8
synchronized_latency,2940,1,fe2o3,6.44,7.88
synchronized_latency,2941,1,hipblaslt,6.36,7.8
synchronized_latency,2942,1,fe2o3,6.44,7.8
synchronized_latency,2943,1,hipblaslt,6.52,7.72
synchronized_latency,2944,1,fe2o3,6.32,7.92
synchronized_latency,2945,1,hipblaslt,6.6,7.84
synchronized_latency,2946,1,fe2o3,6.32,7.84
synchronized_latency,2947,1,hipblaslt,6.52,7.76
synchronized_latency,2948,1,fe2o3,6.48,7.88
synchronized_latency,2949,1,hipblaslt,6.4,7.8
synchronized_latency,2950,1,fe2o3,7.04,8.44
synchronized_latency,2951,1,hipblaslt,8.84,7.72
synchronized_latency,2952,1,fe2o3,6.44,7.8
synchronized_latency,2953,1,hipblaslt,6.52,7.961
synchronized_latency,2954,1,fe2o3,7.2,7.64
synchronized_latency,2955,1,hipblaslt,6.44,7.72
synchronized_latency,2956,1,fe2o3,6.36,8
synchronized_latency,2957,1,hipblaslt,6.44,8.08
synchronized_latency,2958,1,fe2o3,6.48,7.92
synchronized_latency,2959,1,hipblaslt,6.56,8
synchronized_latency,2960,1,fe2o3,6.36,8.04
synchronized_latency,2961,1,hipblaslt,6.52,8.16
synchronized_latency,2962,1,fe2o3,6.6,7.96
synchronized_latency,2963,1,hipblaslt,6.56,7.88
synchronized_latency,2964,1,fe2o3,6.4,8.04
synchronized_latency,2965,1,hipblaslt,6.401,8.04
synchronized_latency,2966,1,fe2o3,6.44,8
synchronized_latency,2967,1,hipblaslt,6.4,7.88
synchronized_latency,2968,1,fe2o3,6.44,8.08
synchronized_latency,2969,1,hipblaslt,6.44,7.8
synchronized_latency,2970,1,fe2o3,6.44,7.88
synchronized_latency,2971,1,hipblaslt,6.4,7.84
synchronized_latency,2972,1,fe2o3,6.56,7.8
synchronized_latency,2973,1,hipblaslt,6.48,7.88
synchronized_latency,2974,1,fe2o3,6.36,7.88
synchronized_latency,2975,1,hipblaslt,6.48,7.92
synchronized_latency,2976,1,fe2o3,6.48,8
synchronized_latency,2977,1,hipblaslt,8.84,7.96
synchronized_latency,2978,1,fe2o3,6.48,7.68
synchronized_latency,2979,1,hipblaslt,6.44,7.76
synchronized_latency,2980,1,fe2o3,6.48,7.76
synchronized_latency,2981,1,hipblaslt,8.44,8.64
synchronized_latency,2982,1,fe2o3,6.52,7.88
synchronized_latency,2983,1,hipblaslt,6.44,7.84
synchronized_latency,2984,1,fe2o3,6.6,7.84
synchronized_latency,2985,1,hipblaslt,6.36,7.84
synchronized_latency,2986,1,fe2o3,6.36,7.8
synchronized_latency,2987,1,hipblaslt,6.52,7.96
synchronized_latency,2988,1,fe2o3,6.56,7.76
synchronized_latency,2989,1,hipblaslt,6.48,7.88
synchronized_latency,2990,1,fe2o3,6.4,7.96
synchronized_latency,2991,1,hipblaslt,6.48,7.88
synchronized_latency,2992,1,fe2o3,6.36,7.88
synchronized_latency,2993,1,hipblaslt,6.36,7.88
synchronized_latency,2994,1,fe2o3,6.4,8
synchronized_latency,2995,1,hipblaslt,6.44,7.84
synchronized_latency,2996,1,fe2o3,6.36,7.92
synchronized_latency,2997,1,hipblaslt,6.44,8.08
synchronized_latency,2998,1,fe2o3,6.56,7.84
synchronized_latency,2999,1,hipblaslt,6.48,7.8
queue_hot_amortized,0,100,fe2o3,3.4356,6.26602
queue_hot_amortized,1,100,hipblaslt,5.56241,6.48121
queue_hot_amortized,2,100,fe2o3,5.02882,7.42201
queue_hot_amortized,3,100,hipblaslt,4.67961,7.26002
queue_hot_amortized,4,100,fe2o3,2.63841,5.05921
queue_hot_amortized,5,100,hipblaslt,4.12801,5.09201
queue_hot_amortized,6,100,fe2o3,5.44241,5.05601
queue_hot_amortized,7,100,hipblaslt,2.59681,5.05481
queue_hot_amortized,8,100,fe2o3,2.5364,5.05321
queue_hot_amortized,9,100,hipblaslt,2.604,5.06681
queue_hot_amortized,10,100,fe2o3,4.50801,6.51322
queue_hot_amortized,11,100,hipblaslt,2.53281,6.12081
queue_hot_amortized,12,100,fe2o3,2.5404,5.05402
queue_hot_amortized,13,100,hipblaslt,2.5448,5.06641
queue_hot_amortized,14,100,fe2o3,2.56761,5.12441
queue_hot_amortized,15,100,hipblaslt,2.9356,5.94601
queue_hot_amortized,16,100,fe2o3,2.83521,5.28441
queue_hot_amortized,17,100,hipblaslt,2.53841,5.05201
queue_hot_amortized,18,100,fe2o3,2.548,5.05601
queue_hot_amortized,19,100,hipblaslt,2.9924,5.05282
queue_hot_amortized,20,100,fe2o3,3.22921,6.37762
queue_hot_amortized,21,100,hipblaslt,2.6848,5.10801
queue_hot_amortized,22,100,fe2o3,2.54481,5.06001
queue_hot_amortized,23,100,hipblaslt,2.53841,5.06721
queue_hot_amortized,24,100,fe2o3,2.6104,5.08281
queue_hot_amortized,25,100,hipblaslt,3.03081,6.12881
queue_hot_amortized,26,100,fe2o3,2.7476,5.15481
queue_hot_amortized,27,100,hipblaslt,2.5336,5.06202
queue_hot_amortized,28,100,fe2o3,2.59881,5.05401
queue_hot_amortized,29,100,hipblaslt,3.31441,5.04561
queue_hot_amortized,30,100,fe2o3,3.30721,5.87001
queue_hot_amortized,31,100,hipblaslt,2.62201,5.06321
queue_hot_amortized,32,100,fe2o3,2.546,5.06401
queue_hot_amortized,33,100,hipblaslt,2.602,5.04721
queue_hot_amortized,34,100,fe2o3,2.53401,6.11361
queue_hot_amortized,35,100,hipblaslt,2.9524,6.82762
queue_hot_amortized,36,100,fe2o3,2.84441,5.04801
queue_hot_amortized,37,100,hipblaslt,2.54601,5.06001
queue_hot_amortized,38,100,fe2o3,2.548,5.06281
queue_hot_amortized,39,100,hipblaslt,3.0852,5.09201
queue_hot_amortized,40,100,fe2o3,3.24321,5.30481
queue_hot_amortized,41,100,hipblaslt,2.5756,5.06162
queue_hot_amortized,42,100,fe2o3,2.55121,5.06401
queue_hot_amortized,43,100,hipblaslt,2.55721,5.06001
queue_hot_amortized,44,100,fe2o3,2.9204,5.78162
queue_hot_amortized,45,100,hipblaslt,3.08681,6.52841
queue_hot_amortized,46,100,fe2o3,2.8864,5.06082
queue_hot_amortized,47,100,hipblaslt,2.5736,5.04921
queue_hot_amortized,48,100,fe2o3,2.53921,5.09201
queue_hot_amortized,49,100,hipblaslt,3.46401,5.08921
queue_hot_amortized,50,100,fe2o3,3.35081,5.29361
queue_hot_amortized,51,100,hipblaslt,2.56041,5.06241
queue_hot_amortized,52,100,fe2o3,2.548,5.05401
queue_hot_amortized,53,100,hipblaslt,2.5172,5.06762
queue_hot_amortized,54,100,fe2o3,3.37041,6.68121
queue_hot_amortized,55,100,hipblaslt,2.86201,6.78162
queue_hot_amortized,56,100,fe2o3,2.6572,5.06641
queue_hot_amortized,57,100,hipblaslt,2.55121,5.05681
queue_hot_amortized,58,100,fe2o3,2.57241,5.05921
queue_hot_amortized,59,100,hipblaslt,3.48201,5.17321
queue_hot_amortized,60,100,fe2o3,2.9392,5.53042
queue_hot_amortized,61,100,hipblaslt,2.5448,5.05521
queue_hot_amortized,62,100,fe2o3,2.53441,5.10681
queue_hot_amortized,63,100,hipblaslt,2.60361,5.08961
queue_hot_amortized,64,100,fe2o3,3.42281,6.51081
queue_hot_amortized,65,100,hipblaslt,2.73601,5.80801
queue_hot_amortized,66,100,fe2o3,2.63201,5.07521
queue_hot_amortized,67,100,hipblaslt,2.54041,5.06441
queue_hot_amortized,68,100,fe2o3,2.5544,5.09721
queue_hot_amortized,69,100,hipblaslt,3.3508,6.22121
queue_hot_amortized,70,100,fe2o3,2.89321,5.21361
queue_hot_amortized,71,100,hipblaslt,2.53761,5.14481
queue_hot_amortized,72,100,fe2o3,2.5808,5.07721
queue_hot_amortized,73,100,hipblaslt,2.9108,5.07561
queue_hot_amortized,74,100,fe2o3,3.394,6.82922
queue_hot_amortized,75,100,hipblaslt,2.68961,5.06361
queue_hot_amortized,76,100,fe2o3,2.626,5.06441
queue_hot_amortized,77,100,hipblaslt,2.5336,5.11162
queue_hot_amortized,78,100,fe2o3,2.67481,5.14961
queue_hot_amortized,79,100,hipblaslt,3.40161,6.47921
queue_hot_amortized,80,100,fe2o3,2.87121,5.20841
queue_hot_amortized,81,100,hipblaslt,2.64481,5.04681
queue_hot_amortized,82,100,fe2o3,2.544,5.09282
queue_hot_amortized,83,100,hipblaslt,3.63641,5.06001
queue_hot_amortized,84,100,fe2o3,3.4508,6.33482
queue_hot_amortized,85,100,hipblaslt,2.73201,5.11761
queue_hot_amortized,86,100,fe2o3,2.6732,5.06281
queue_hot_amortized,87,100,hipblaslt,2.6164,5.05842
queue_hot_amortized,88,100,fe2o3,2.60161,5.88801
queue_hot_amortized,89,100,hipblaslt,3.2724,6.49282
queue_hot_amortized,90,100,fe2o3,2.81161,5.05961
queue_hot_amortized,91,100,hipblaslt,2.70201,5.05801
queue_hot_amortized,92,100,fe2o3,2.6588,5.09161
queue_hot_amortized,93,100,hipblaslt,3.19001,5.10401
queue_hot_amortized,94,100,fe2o3,3.1072,5.29562
queue_hot_amortized,95,100,hipblaslt,2.6736,5.07161
queue_hot_amortized,96,100,fe2o3,2.55041,5.11441
queue_hot_amortized,97,100,hipblaslt,2.58121,5.08641
queue_hot_amortized,98,100,fe2o3,2.93321,6.56441
queue_hot_amortized,99,100,hipblaslt,2.9972,6.94922
queue_hot_amortized,100,100,fe2o3,2.72601,5.05841
queue_hot_amortized,101,100,hipblaslt,2.57681,5.08241
queue_hot_amortized,102,100,fe2o3,2.75081,5.05561
queue_hot_amortized,103,100,hipblaslt,3.34761,5.20601
queue_hot_amortized,104,100,fe2o3,3.1032,5.56242
queue_hot_amortized,105,100,hipblaslt,2.7188,5.06321
queue_hot_amortized,106,100,fe2o3,2.53201,5.06681
queue_hot_amortized,107,100,hipblaslt,2.68281,5.06321
queue_hot_amortized,108,100,fe2o3,3.52561,6.69761
queue_hot_amortized,109,100,hipblaslt,2.8424,6.89282
queue_hot_amortized,110,100,fe2o3,2.72761,5.10121
queue_hot_amortized,111,100,hipblaslt,2.66081,5.07281
queue_hot_amortized,112,100,fe2o3,2.58801,5.08321
queue_hot_amortized,113,100,hipblaslt,3.49881,5.93121
queue_hot_amortized,114,100,fe2o3,3.09761,5.53481
queue_hot_amortized,115,100,hipblaslt,2.62521,5.06521
queue_hot_amortized,116,100,fe2o3,2.5768,5.06321
queue_hot_amortized,117,100,hipblaslt,2.6344,5.12322
queue_hot_amortized,118,100,fe2o3,3.77361,7.22282
queue_hot_amortized,119,100,hipblaslt,2.83001,5.15961
queue_hot_amortized,120,100,fe2o3,2.7344,5.06761
queue_hot_amortized,121,100,hipblaslt,2.64641,5.05841
queue_hot_amortized,122,100,fe2o3,2.54521,5.08801
queue_hot_amortized,123,100,hipblaslt,3.26521,6.73001
queue_hot_amortized,124,100,fe2o3,2.82241,5.17121
queue_hot_amortized,125,100,hipblaslt,2.65641,5.09961
queue_hot_amortized,126,100,fe2o3,2.6048,5.06282
queue_hot_amortized,127,100,hipblaslt,3.132,5.06441
queue_hot_amortized,128,100,fe2o3,3.3648,6.23842
queue_hot_amortized,129,100,hipblaslt,2.6552,5.06321
queue_hot_amortized,130,100,fe2o3,2.61721,5.10081
queue_hot_amortized,131,100,hipblaslt,2.70601,5.09441
queue_hot_amortized,132,100,fe2o3,2.53161,5.10121
queue_hot_amortized,133,100,hipblaslt,3.04961,6.47841
queue_hot_amortized,134,100,fe2o3,2.87481,5.20001
queue_hot_amortized,135,100,hipblaslt,2.53201,5.05881
queue_hot_amortized,136,100,fe2o3,2.5696,5.07881
queue_hot_amortized,137,100,hipblaslt,3.60481,5.09881
queue_hot_amortized,138,100,fe2o3,3.71761,6.29602
queue_hot_amortized,139,100,hipblaslt,2.7772,5.07281
queue_hot_amortized,140,100,fe2o3,2.59361,5.06961
queue_hot_amortized,141,100,hipblaslt,2.69201,5.06521
queue_hot_amortized,142,100,fe2o3,2.72081,5.53641
queue_hot_amortized,143,100,hipblaslt,3.33121,6.57801
queue_hot_amortized,144,100,fe2o3,2.99481,5.08401
queue_hot_amortized,145,100,hipblaslt,2.62321,5.08322
queue_hot_amortized,146,100,fe2o3,2.5592,5.06482
queue_hot_amortized,147,100,hipblaslt,3.21441,5.10241
queue_hot_amortized,148,100,fe2o3,3.15081,5.24161
queue_hot_amortized,149,100,hipblaslt,2.6068,5.06922
queue_hot_amortized,150,100,fe2o3,2.53361,5.07521
queue_hot_amortized,151,100,hipblaslt,2.58761,5.09441
queue_hot_amortized,152,100,fe2o3,3.2188,6.61041
queue_hot_amortized,153,100,hipblaslt,2.94321,6.59002
queue_hot_amortized,154,100,fe2o3,2.86761,5.07641
queue_hot_amortized,155,100,hipblaslt,2.66281,5.06841
queue_hot_amortized,156,100,fe2o3,2.60921,5.07521
queue_hot_amortized,157,100,hipblaslt,3.57481,5.08922
queue_hot_amortized,158,100,fe2o3,3.12921,5.48281
queue_hot_amortized,159,100,hipblaslt,2.58641,5.08361
queue_hot_amortized,160,100,fe2o3,2.63801,5.07321
queue_hot_amortized,161,100,hipblaslt,2.536,5.06602
queue_hot_amortized,162,100,fe2o3,3.63401,6.69682
queue_hot_amortized,163,100,hipblaslt,2.84681,6.34522
queue_hot_amortized,164,100,fe2o3,2.7148,5.12162
queue_hot_amortized,165,100,hipblaslt,2.65801,5.08481
queue_hot_amortized,166,100,fe2o3,2.56641,5.08241
queue_hot_amortized,167,100,hipblaslt,3.28641,6.02922
queue_hot_amortized,168,100,fe2o3,3.0052,5.47042
queue_hot_amortized,169,100,hipblaslt,2.65961,5.06401
queue_hot_amortized,170,100,fe2o3,2.62561,5.06961
queue_hot_amortized,171,100,hipblaslt,2.91441,5.09961
queue_hot_amortized,172,100,fe2o3,3.53401,7.12802
queue_hot_amortized,173,100,hipblaslt,2.7464,5.22082
queue_hot_amortized,174,100,fe2o3,2.71161,5.08241
queue_hot_amortized,175,100,hipblaslt,2.63161,5.07962
queue_hot_amortized,176,100,fe2o3,2.67,5.10842
queue_hot_amortized,177,100,hipblaslt,3.06521,6.72242
queue_hot_amortized,178,100,fe2o3,2.8808,5.17682
queue_hot_amortized,179,100,hipblaslt,2.57201,5.07521
queue_hot_amortized,180,100,fe2o3,2.57961,5.09321
queue_hot_amortized,181,100,hipblaslt,3.41841,5.09601
queue_hot_amortized,182,100,fe2o3,3.40881,6.77482
queue_hot_amortized,183,100,hipblaslt,2.76721,5.08841
queue_hot_amortized,184,100,fe2o3,2.60281,5.08121
queue_hot_amortized,185,100,hipblaslt,2.5824,5.08722
queue_hot_amortized,186,100,fe2o3,2.56241,5.11601
queue_hot_amortized,187,100,hipblaslt,3.33881,6.63641
queue_hot_amortized,188,100,fe2o3,2.83601,5.08161
queue_hot_amortized,189,100,hipblaslt,2.67201,5.07322
queue_hot_amortized,190,100,fe2o3,2.6668,5.07562
queue_hot_amortized,191,100,hipblaslt,3.75801,5.05801
queue_hot_amortized,192,100,fe2o3,3.61761,5.90082
queue_hot_amortized,193,100,hipblaslt,2.70921,5.07841
queue_hot_amortized,194,100,fe2o3,2.6528,5.07802
queue_hot_amortized,195,100,hipblaslt,2.62201,5.11921
queue_hot_amortized,196,100,fe2o3,2.68921,6.23121
queue_hot_amortized,197,100,hipblaslt,3.12321,7.05282
queue_hot_amortized,198,100,fe2o3,2.98921,5.10241
queue_hot_amortized,199,100,hipblaslt,2.66441,5.07682
queue_hot_amortized,200,100,fe2o3,2.732,5.06362
queue_hot_amortized,201,100,hipblaslt,3.17761,5.11721
queue_hot_amortized,202,100,fe2o3,3.21081,5.24041
queue_hot_amortized,203,100,hipblaslt,2.7108,5.06522
queue_hot_amortized,204,100,fe2o3,2.64841,5.08162
queue_hot_amortized,205,100,hipblaslt,2.61521,5.06241
queue_hot_amortized,206,100,fe2o3,3.19361,6.36241
queue_hot_amortized,207,100,hipblaslt,2.97921,6.80762
queue_hot_amortized,208,100,fe2o3,2.87401,5.07161
queue_hot_amortized,209,100,hipblaslt,2.5332,5.08842
queue_hot_amortized,210,100,fe2o3,2.53761,5.08521
queue_hot_amortized,211,100,hipblaslt,3.49001,5.11402
queue_hot_amortized,212,100,fe2o3,2.97121,5.64361
queue_hot_amortized,213,100,hipblaslt,2.64441,5.06401
queue_hot_amortized,214,100,fe2o3,2.63001,5.07961
queue_hot_amortized,215,100,hipblaslt,2.5404,5.09642
queue_hot_amortized,216,100,fe2o3,3.576,6.52601
queue_hot_amortized,217,100,hipblaslt,2.90401,6.52202
queue_hot_amortized,218,100,fe2o3,2.76961,5.10001
queue_hot_amortized,219,100,hipblaslt,2.65001,5.08881
queue_hot_amortized,220,100,fe2o3,2.63281,5.10881
queue_hot_amortized,221,100,hipblaslt,3.51161,5.54642
queue_hot_amortized,222,100,fe2o3,2.86,5.39682
queue_hot_amortized,223,100,hipblaslt,2.66961,5.07361
queue_hot_amortized,224,100,fe2o3,2.68081,5.06881
queue_hot_amortized,225,100,hipblaslt,2.88801,5.05801
queue_hot_amortized,226,100,fe2o3,3.65641,6.77842
queue_hot_amortized,227,100,hipblaslt,2.81881,5.50921
queue_hot_amortized,228,100,fe2o3,2.78041,5.07521
queue_hot_amortized,229,100,hipblaslt,2.5916,5.11122
queue_hot_amortized,230,100,fe2o3,2.59401,5.11281
queue_hot_amortized,231,100,hipblaslt,3.25121,6.60801
queue_hot_amortized,232,100,fe2o3,2.87161,5.18441
queue_hot_amortized,233,100,hipblaslt,2.6092,5.10362
queue_hot_amortized,234,100,fe2o3,2.58841,5.11242
queue_hot_amortized,235,100,hipblaslt,3.29641,5.09961
queue_hot_amortized,236,100,fe2o3,3.63721,6.72962
queue_hot_amortized,237,100,hipblaslt,2.84601,5.08081
queue_hot_amortized,238,100,fe2o3,2.6856,5.08402
queue_hot_amortized,239,100,hipblaslt,2.60961,5.07041
queue_hot_amortized,240,100,fe2o3,2.60041,5.13681
queue_hot_amortized,241,100,hipblaslt,3.19721,6.56042
queue_hot_amortized,242,100,fe2o3,2.8008,5.21282
queue_hot_amortized,243,100,hipblaslt,2.62401,5.08481
queue_hot_amortized,244,100,fe2o3,2.67681,5.07761
queue_hot_amortized,245,100,hipblaslt,3.77721,5.06961
queue_hot_amortized,246,100,fe2o3,3.65401,6.35722
queue_hot_amortized,247,100,hipblaslt,2.63241,5.12481
queue_hot_amortized,248,100,fe2o3,2.67801,5.08401
queue_hot_amortized,249,100,hipblaslt,2.6896,5.09042
queue_hot_amortized,250,100,fe2o3,2.75161,5.75322
queue_hot_amortized,251,100,hipblaslt,3.03161,6.74161
queue_hot_amortized,252,100,fe2o3,2.91721,5.07921
queue_hot_amortized,253,100,hipblaslt,2.5688,5.12202
queue_hot_amortized,254,100,fe2o3,2.63521,5.07881
queue_hot_amortized,255,100,hipblaslt,3.26801,5.11562
queue_hot_amortized,256,100,fe2o3,3.16281,5.20361
queue_hot_amortized,257,100,hipblaslt,2.71241,5.08001
queue_hot_amortized,258,100,fe2o3,2.58441,5.08361
queue_hot_amortized,259,100,hipblaslt,2.5516,5.08522
queue_hot_amortized,260,100,fe2o3,3.27121,6.23402
queue_hot_amortized,261,100,hipblaslt,2.9152,6.65682
queue_hot_amortized,262,100,fe2o3,2.8184,5.07482
queue_hot_amortized,263,100,hipblaslt,2.58521,5.08161
queue_hot_amortized,264,100,fe2o3,2.6768,5.08762
queue_hot_amortized,265,100,hipblaslt,3.22841,5.11161
queue_hot_amortized,266,100,fe2o3,3.23041,5.49681
queue_hot_amortized,267,100,hipblaslt,2.6428,5.13042
queue_hot_amortized,268,100,fe2o3,2.55721,5.07401
queue_hot_amortized,269,100,hipblaslt,2.69881,5.07121
queue_hot_amortized,270,100,fe2o3,3.88081,7.20962
queue_hot_amortized,271,100,hipblaslt,2.86841,6.10761
queue_hot_amortized,272,100,fe2o3,2.62321,5.07321
queue_hot_amortized,273,100,hipblaslt,2.60481,5.07641
queue_hot_amortized,274,100,fe2o3,2.63081,5.15561
queue_hot_amortized,275,100,hipblaslt,3.47401,5.76282
queue_hot_amortized,276,100,fe2o3,3.01201,5.45521
queue_hot_amortized,277,100,hipblaslt,2.62081,5.07521
queue_hot_amortized,278,100,fe2o3,2.67601,5.06601
queue_hot_amortized,279,100,hipblaslt,2.84,5.08762
queue_hot_amortized,280,100,fe2o3,3.44681,6.94122
queue_hot_amortized,281,100,hipblaslt,2.7816,5.44762
queue_hot_amortized,282,100,fe2o3,2.66801,5.12921
queue_hot_amortized,283,100,hipblaslt,2.64361,5.06081
queue_hot_amortized,284,100,fe2o3,2.5888,5.12242
queue_hot_amortized,285,100,hipblaslt,3.15881,6.27361
queue_hot_amortized,286,100,fe2o3,2.81681,5.18841
queue_hot_amortized,287,100,hipblaslt,2.60001,5.06081
queue_hot_amortized,288,100,fe2o3,2.5652,5.11002
queue_hot_amortized,289,100,hipblaslt,3.3612,5.06121
queue_hot_amortized,290,100,fe2o3,3.61921,6.71322
queue_hot_amortized,291,100,hipblaslt,2.702,5.06962
queue_hot_amortized,292,100,fe2o3,2.65041,5.08322
queue_hot_amortized,293,100,hipblaslt,2.62201,5.06201
queue_hot_amortized,294,100,fe2o3,2.6868,5.34601
queue_hot_amortized,295,100,hipblaslt,3.33001,6.77482
queue_hot_amortized,296,100,fe2o3,2.76201,5.51761
queue_hot_amortized,297,100,hipblaslt,2.63561,5.07241
queue_hot_amortized,298,100,fe2o3,2.65041,5.06041
queue_hot_amortized,299,100,hipblaslt,3.64321,5.12042
